agent_type,layer_embodied,layer_cognitive,layer_behavioural,humanity_score_pred
human,0.842,0.5049465067340068,0.3013953395729045,0.5449972045654741
human,0.48,0.48035563973063977,0.17270946972297913,0.38795509680914964
human,0.716,0.545373569023569,0.18267829266474964,0.4877529154088525
human,0.862,0.5978423821548822,0.36413935235629363,0.606978758568841
mistral,0.363,0.16508367003367003,0.05620194502456025,0.1917940515208361
gemini,0.478,0.36641931818181817,0.014273839781411246,0.2942498792071506
claude,0.232,0.16051237373737373,0.040004788788533974,0.14580638613150967
human,0.775,0.5810502104377104,0.2609398431175191,0.5432020371103399
human,0.391,0.3515169612794613,0.17708855354938763,0.3110333505766008
human,0.698,0.5255404882154883,0.20915778563329943,0.4823635309761851
human,0.886,0.6319790824915825,0.5353837856366489,0.6792067686876277
gemini,0.581,0.15473042929292927,0.06473077912855907,0.2556114054557394
human,0.797,0.6033979797979798,0.3032259285165206,0.5714269704741481
llama,0.153,0.2554001262626263,0.049767432720987846,0.16299028032134688
human,0.749,0.3482434343434343,0.3217764357824362,0.4605303044721046
human,0.724,0.5267843434343434,0.3011428095152763,0.5182565802283203
gpt4,0.397,0.1449290824915825,0.03222775537888773,0.18673995961029932
human,0.746,0.54285765993266,0.269807153648533,0.5218852100676239
claude,0.292,0.20494482323232321,0.029426098152245093,0.17840575873860284
human,0.387,0.42183956228956226,0.3096789951063719,0.37773952344773654
llama,0.05,0.24725042087542087,0.03936801669896149,0.1257105733598568
human,0.895,0.5307261363636364,0.3599668104581622,0.5887804976829033
llama,0.23,0.23472234848484846,0.11788955785685218,0.19825580675099505
llama,0.147,0.18377756734006737,0.044550528091468304,0.13097618536346742
human,0.542,0.5200483585858586,0.3165882023369503,0.4655958041354285
human,0.474,0.5494135101010101,0.22249354729418544,0.4287134682286597
gpt4,0.187,0.3004155723905724,0.05131346675531693,0.19166026898282404
mistral,0.218,0.4023673821548822,0.05418354007600029,0.24260201488475297
human,0.861,0.5421352272727273,0.26546860733407807,0.5547946731093143
human,0.673,0.5490552188552188,0.1476928180481425,0.4658299329565303
human,0.713,0.4504029882154883,0.31785620315088015,0.48941805623145934
claude,0.362,0.307570202020202,0.06807948086008611,0.25205192506610663
human,0.616,0.5507939814814815,0.46624588144758944,0.5449913570268694
human,0.886,0.4547347643097643,0.24784002771716102,0.522045914039054
human,0.957,0.5505588804713806,0.40402179924569126,0.6285300919622596
human,0.554,0.48461868686868687,0.3956454920842803,0.4787411223727589
llama,0.154,0.3194793771043771,0.03432175337420847,0.1842882768540134
human,0.658,0.515636531986532,0.41471402517656086,0.5280688203475811
gemini,0.3,0.20652053872053874,0.05636209151519922,0.18951684294277527
human,0.736,0.5863091750841751,0.22411726339509264,0.5225588490521978
claude,0.102,0.3480622053872054,0.0208196360426928,0.17607077296769
human,0.713,0.4931530303030303,0.33570831331445333,0.5118737061155482
human,0.618,0.5398993265993266,0.2344532464415687,0.4716957045722012
llama,0.066,0.19246203703703707,0.04597102774563183,0.11057612313850439
human,0.954,0.5683279882154882,0.2452043964357908,0.5870925142169325
human,0.744,0.47638825757575765,0.2342555706301928,0.4840319742193609
human,0.686,0.5119374579124579,0.34760702354535145,0.5148570902285886
claude,0.291,0.28115,0.052007565059964525,0.21536226951798934
human,0.806,0.38630063131313125,0.4189285321376714,0.521998812166554
claude,0.106,0.3235980218855219,0.04814669105665187,0.1756832160712043
llama,0.243,0.15999583333333334,0.03271462814623273,0.14671272177720315
claude,0.214,0.2143092171717172,0.019578374635531894,0.15579719925934643
human,0.892,0.4589300084175084,0.3144373392279054,0.545503205135375
human,0.76,0.44140319865319866,0.21305942586957358,0.4684791072221515
human,0.81,0.47520033670033673,0.2959921464219741,0.5218777786067269
human,0.81,0.5543984006734006,0.3153879547833456,0.559375746704364
human,0.845,0.5433775252525253,0.22189390410029763,0.5374191813310993
human,0.765,0.4112426767676768,0.4111825170280505,0.5173518258154858
llama,0.185,0.23005559764309763,0.06492082171752613,0.16699848557249689
gemini,0.191,0.16762310606060607,0.03253981778688099,0.13411118776030673
mistral,0.144,0.21965336700336702,0.03574450720394975,0.14178469896253174
human,0.737,0.6006432239057239,0.22788215709852402,0.5297219366918468
claude,0.131,0.20220046296296296,0.03606175709215998,0.1309987123128332
llama,0.266,0.20945151515151517,0.045386600167810244,0.17719658611094913
gpt4,0.235,0.17115000000000002,0.030201465006874862,0.14802043950206245
human,0.798,0.3804871212121212,0.3652237549551753,0.501161974971401
human,0.872,0.6353503367003367,0.2469040802340635,0.5898113587503537
gpt4,0.254,0.18207655723905725,0.019300361327945093,0.15482073129400645
human,0.656,0.6030867003367004,0.26195321691567447,0.5166206452093824
gpt4,0.108,0.26945467171717175,0.05213782588598617,0.15582321645266456
claude,0.153,0.1598845538720539,0.03452916654245582,0.1202125715115583
llama,0.095,0.29411262626262624,0.042658675521643666,0.1589426531615436
human,0.791,0.5735244528619529,0.3048475252845825,0.558164038730156
human,0.743,0.4688324494949495,0.3883902840046022,0.5269500649993604
human,0.83,0.5858318602693602,0.2820863406983385,0.5679586463172456
human,0.71,0.4558877525252525,0.18404064975389509,0.4505672959362695
gpt4,0.125,0.23739823232323232,0.02127759974409775,0.13884257285252224
human,0.686,0.5223253367003367,0.4432309574813726,0.5476994219245463
claude,0.231,0.2140067760942761,0.04661373784757404,0.16888683179198266
gemini,0.308,0.16434840067340067,0.059193062846778534,0.1758972791233938
llama,0.124,0.16861418350168353,0.054350984135065485,0.12095096864119305
human,0.788,0.6095020202020202,0.3906918916753056,0.5974083755833998
human,0.831,0.4374616582491582,0.3821479482434354,0.5389290477726939
human,0.584,0.5049181818181818,0.3223296066926477,0.47386615473506705
human,0.578,0.48299120370370374,0.23218975321678167,0.436253407446516
gpt4,0.127,0.24218615319865322,0.049451352162022295,0.149809866928068
mistral,0.032,0.27373190235690237,0.03369689420418253,0.1292018292040157
human,0.929,0.48634646464646464,0.2794985359309868,0.5570881466378819
gemini,0.145,0.3125363636363636,0.03327850431165143,0.1784980967480409
claude,0.084,0.1771478535353535,0.05241013655098031,0.11178218237943549
llama,0.24,0.15502651515151517,0.019049656767760333,0.13972550309093415
human,0.789,0.4550955808080809,0.3381823335839881,0.5201929323984288
human,0.934,0.4869865740740741,0.3878865104596694,0.5913605827675305
human,0.654,0.5426344276094276,0.32947495217743,0.512096256697
gemini,0.341,0.2378868686868687,0.019570221695419387,0.20332581398337332
human,0.635,0.4714222222222222,0.3850080039373442,0.49457129007009215
human,0.823,0.47132407407407406,0.3024663579566675,0.5261695370166298
gpt4,0.13,0.1802587542087542,0.006137016436025275,0.11294460661430927
human,0.675,0.3930186026936027,0.20745796652336365,0.42194483103445024
gemini,0.435,0.18321001683501684,0.03352122493941582,0.21384037421583152
claude,0.154,0.22529280303030302,0.01977700697367121,0.14225022330422257
human,0.879,0.42718834175084175,0.35021576089049966,0.5396400649674866
mistral,0.152,0.2736322811447811,0.04317030485527623,0.16800400391449533
llama,0.099,0.22729402356902356,0.026265466703399583,0.1284972494386293
human,0.878,0.6520889309764311,0.25253364267973866,0.599995665194494
human,0.873,0.47084621212121214,0.2280519812243449,0.5186540792157883
llama,0.217,0.2723701178451179,0.02854506189886837,0.18261156570770767
human,0.786,0.593805723905724,0.38980623598441133,0.590264160357613
llama,0.306,0.19234074074074076,0.01073727428936046,0.17195747858310445
claude,0.195,0.1865287037037037,0.015170401002842056,0.1376626017823341
human,0.912,0.4676022727272727,0.13977522961700076,0.5025734779760094
human,0.749,0.5596292087542087,0.4909108695652174,0.5958249443712487
mistral,0.077,0.16619044612794615,0.06808868395402469,0.11000278363738587
human,0.508,0.40053468013468013,0.3224354237124918,0.40934449916761956
human,0.953,0.5536162037037037,0.2400543602695012,0.5793627895623318
human,0.742,0.37466439393939394,0.30864888012620934,0.4650604216136204
human,0.857,0.49146864478114477,0.2817233827245885,0.5382044727298345
human,0.786,0.47668501683501685,0.2472109353411388,0.5006372873363484
human,0.715,0.5389153198653199,0.3051174855510691,0.5216013736114486
human,0.622,0.3925159511784512,0.2900581578387648,0.4306238278230099
gpt4,0.317,0.2027439393939394,0.0338062330703413,0.18633944567867816
human,0.865,0.4221358164983165,0.37358100743925254,0.5404286288311023
mistral,0.363,0.1865912037037037,0.055166651423623723,0.20008647690856862
mistral,0.436,0.21488000841750843,0.10105756746323499,0.24706927360597386
gpt4,0.273,0.27923472222222223,0.010610310013515256,0.1967769818929435
human,0.825,0.3570814814814815,0.2516768974783245,0.46583566183608993
claude,0.191,0.16115765993265996,0.04593191118617726,0.13554263732891716
human,0.746,0.5134757996632996,0.2314658423421085,0.49863007256795244
claude,0.166,0.23861111111111113,0.031291998909735844,0.1546320441173652
gpt4,0.315,0.2127851851851852,0.026087739619462643,0.18744039595991288
claude,0.181,0.16592828282828284,0.05675692784996894,0.1376983914863038
llama,0.366,0.1650567760942761,0.033880599109366395,0.18598689017052036
human,0.887,0.44925900673400676,0.3649662818977631,0.5552934872629317
human,0.646,0.4987404461279461,0.17363023026178065,0.44538524752971265
human,0.926,0.4920155723905724,0.3951808066280022,0.5931604709446296
human,0.812,0.4924445707070707,0.33533978105117546,0.5411797625981809
gpt4,0.127,0.1652780303030303,0.0747529625039566,0.1266371008723991
llama,0.322,0.2259953703703704,0.02240969349509214,0.19372105619667584
human,0.884,0.5246270202020202,0.2509052258404329,0.550322375832938
human,0.59,0.32171805555555555,0.3711228989219615,0.4170240918988107
gpt4,0.358,0.27256611952861953,0.06172895802734202,0.23494513521965044
human,0.77,0.6186817760942761,0.287572455062192,0.564744446956368
human,0.725,0.5682451178451179,0.31261277016695616,0.538581878188134
gpt4,0.26,0.18124945286195288,0.0684528969876219,0.17103565024106773
gemini,0.266,0.17965761784511786,0.017455662758351576,0.1568997459655526
mistral,0.085,0.24254621212121213,0.061666015787895885,0.14101828958485363
human,0.762,0.42543863636363644,0.3351302825810622,0.49931453931977327
claude,0.257,0.17246026936026937,0.0436688001986257,0.15918474780369546
human,0.752,0.4858638047138047,0.2743800546555619,0.5022595382821905
human,0.502,0.6734695286195287,0.3744544341009843,0.5323241416781068
llama,0.259,0.2817889730639731,0.05815643625136702,0.20786252010099937
human,0.733,0.24280774410774414,0.23211668705399235,0.3866581037592954
claude,0.089,0.3261197390572391,0.04515248945324341,0.17069364245886867
claude,0.274,0.19895989057239058,0.04816247980666651,0.1762327001709562
claude,0.226,0.23391835016835016,0.019652361292775283,0.16726304845517265
human,0.778,0.5318273148148148,0.39089372920584897,0.5633990446876807
human,0.626,0.511347601010101,0.20999134306811387,0.4553364433244746
human,0.834,0.41198547979797984,0.2474747111721093,0.48923660527082474
mistral,0.025,0.20624132996632996,0.06363989482551587,0.10908850043418675
human,0.94,0.5384600589225589,0.2318413465432262,0.5669364275319915
human,0.641,0.6111329124579125,0.20522042768165627,0.49831929328766184
gemini,0.258,0.23857045454545456,0.04840136231939884,0.1873485905140015
claude,0.289,0.24811763468013465,0.04583006328053954,0.1996960728562157
human,0.834,0.39419957912457915,0.33610060805254705,0.5087100140655958
mistral,0.082,0.24493063973063972,0.01989752681698132,0.12854151393735028
claude,0.061,0.21896132154882159,0.03835233150729439,0.11739022807171696
human,0.904,0.4167914141414142,0.2128342254100214,0.501766833279572
llama,0.198,0.2851815235690236,0.08428372458353083,0.1987577268026687
human,0.736,0.4866887205387206,0.26994013426494257,0.496457528494971
human,0.939,0.4304394781144781,0.37371543757944614,0.5659904225196251
human,0.555,0.6023378367003367,0.38289607475594667,0.5223039571069187
human,0.839,0.6040373316498316,0.2827307665176695,0.5781341626152335
human,0.909,0.5646928451178451,0.30350937317347265,0.5896299499991798
human,0.626,0.44901700336700334,0.25029672706383993,0.44249581946595334
human,0.697,0.4754265151515151,0.18496894977081008,0.4547612909918491
gpt4,0.16,0.14784751683501685,0.03082666999663375,0.11638700773299686
human,0.72,0.5172086279461279,0.3607287456602965,0.5311020748765402
human,0.765,0.4082695707070707,0.19976190803764174,0.4527364006941208
human,0.733,0.5536037037037037,0.45518563884287966,0.5778971731343453
mistral,0.331,0.217469234006734,0.038269406233095465,0.19776851547262222
mistral,0.299,0.3981608164983166,0.020718161305503406,0.25517977499097766
human,0.884,0.5777900252525252,0.3211330286148286,0.5926559186854587
human,0.392,0.3729570286195286,0.15633244776864294,0.3136825457784043
human,0.471,0.5003267255892255,0.35330371862978416,0.44742180582462543
human,0.792,0.5294359427609429,0.2237740443273606,0.5165065904025854
human,0.868,0.47643880471380473,0.2978561080416612,0.5403323542980202
human,0.87,0.430561531986532,0.21726828491901734,0.49840509827031804
gpt4,0.089,0.3194667929292929,0.04401966341652948,0.167692616196676
human,0.701,0.5186174663299663,0.2365550711518783,0.48871350787754997
human,0.923,0.47315951178451177,0.4605474908181671,0.6043280519592549
claude,0.251,0.17991052188552192,0.00945399765199639,0.15010040804980768
human,0.922,0.5276994107744107,0.30376106715256834,0.5788080844555349
human,0.87,0.38365433501683505,0.3818048867113379,0.5290032000201353
human,0.752,0.4618316077441078,0.30508109406584794,0.5018569713173976
human,0.59,0.6113396464646464,0.19992968938357367,0.4815147654009307
human,0.777,0.5203204545454545,0.25289299044720925,0.5170960789523446
human,0.55,0.48629524410774405,0.3383858461940403,0.4610338515013097
human,0.838,0.6032329966329967,0.19289332992800237,0.5505611976315993
human,0.53,0.5587637626262626,0.37514718016824566,0.49504965910097876
gpt4,0.458,0.14331363636363637,0.047138815748706674,0.20886709927006653
human,0.714,0.41856498316498325,0.31321241274955913,0.475589717090861
human,0.501,0.550994696969697,0.2682640212492652,0.4511770851626584
gemini,0.127,0.18975618686868687,0.08071931795686842,0.13821827013453528
human,0.781,0.5535351851851852,0.4174461040473754,0.5809479052882867
human,0.847,0.49712297979797976,0.2034867903108844,0.5139952290124572
human,0.475,0.39351140572390575,0.33259042127572636,0.3996816886722802
human,0.9,0.5595053451178451,0.35460422401160263,0.6001834052506189
human,0.744,0.6522923821548823,0.36140414136254545,0.5925381952707165
human,0.59,0.4555098063973064,0.18720312395013924,0.41536485974396437
human,0.587,0.4970832070707071,0.32789102592852487,0.47330059060684027
gemini,0.268,0.34973720538720543,0.023568817473702194,0.22736552739699284
human,0.747,0.4509688552188552,0.2762836331503945,0.48737263203266046
human,0.593,0.4581633417508418,0.3331955132615311,0.461123990678796
human,0.828,0.6187497053872054,0.28127651535832177,0.5802828367623787
human,0.61,0.6393641414141414,0.29519129436629865,0.5273030448755461
gemini,0.256,0.2569069023569024,0.04117201451843317,0.19191436529829092
human,0.473,0.4514720538720539,0.29444692625895363,0.4108228994265077
human,0.744,0.25837142255892254,0.3098485623669618,0.41950313773365755
human,0.412,0.3894698653198653,0.30264276088882486,0.3701807743945936
human,0.599,0.6522175084175084,0.2989055383325825,0.5302586648667782
mistral,0.041,0.15342276936026933,0.041284128818646036,0.08605434638970154
human,0.563,0.3761785353535354,0.3130003480555281,0.41327151855807254
human,0.836,0.3287520202020202,0.3041682597474807,0.47355128600505225
gemini,0.287,0.3295436026936027,0.051574153027199664,0.233389686985601
human,0.961,0.5472578282828282,0.2882483147798621,0.5936776257470899
human,0.908,0.669112457912458,0.29824955204545944,0.629519848778621
mistral,0.298,0.21397824074074076,0.08008163123447715,0.19901578566663944
human,0.908,0.49308930976430976,0.2389300451680866,0.5413147374561499
human,0.651,0.4866153619528619,0.20967647338901327,0.45284908679784874
human,0.811,0.5265664562289563,0.47839131096310017,0.5974439757805126
gpt4,0.178,0.2410328703703704,0.0319570397234648,0.1594002600651876
human,0.615,0.3895627104377104,0.33398932143198073,0.4405218806046784
human,0.523,0.44107268518518516,0.43862303867172003,0.4649159856755901
human,0.782,0.47188771043771044,0.34945390577505053,0.5281912559075993
claude,0.448,0.2591268518518519,0.012973965052930565,0.24194293025661992
gemini,0.171,0.2992175505050505,0.04212661115418948,0.18362500354827707
llama,0.419,0.21697790404040407,0.06662476842353832,0.2324785921432231
human,0.722,0.4136857744107745,0.1964143061749815,0.44099860161680426
human,0.862,0.317049031986532,0.3120035078705014,0.4790206651557632
human,0.933,0.49274309764309765,0.38976536633545633,0.593926848957876
human,0.869,0.4183461279461279,0.3346929949857897,0.5284463496741881
gpt4,0.106,0.19775025252525252,0.02886269640246323,0.11955890993083998
human,0.693,0.620495622895623,0.2895943067946401,0.5429765411966412
llama,0.073,0.21438720538720543,0.03842692316066072,0.1191829591030804
human,0.947,0.3796297138047138,0.28432361135348505,0.5212489689279309
human,0.676,0.5007474747474748,0.4287423001140507,0.5317216799332052
gpt4,0.188,0.1662986531986532,0.05077590202192921,0.13815223188604003
llama,0.359,0.2822304713804714,0.05740368846748383,0.2378132950924337
mistral,0.215,0.2478808080808081,0.036096157111922066,0.17448117036589988
human,0.743,0.5577320707070708,0.32872541390681337,0.5446104524548723
human,0.844,0.6025967592592592,0.3294517234714949,0.5930742207451521
human,0.915,0.43065715488215484,0.21879680074459518,0.5124019021762405
human,0.65,0.4889013468013468,0.27683979660963015,0.4736124777034278
claude,0.223,0.27327702020202016,0.05295598454537995,0.19209760344442206
gpt4,0.33,0.16832373737373738,0.05433354709321508,0.18262955907745948
human,0.934,0.5654766835016835,0.2090994150171746,0.5691204979058258
human,0.856,0.5766594276094277,0.3504186643342941,0.5925893703440592
human,0.828,0.4644813552188552,0.2519029245791765,0.509763419461295
gemini,0.262,0.21231776094276095,0.04735691710642888,0.17773417950903303
human,0.919,0.43175382996633,0.3342089612344939,0.5486642203568801
llama,0.389,0.2517125,0.029308942284664456,0.22617768268539934
llama,0.314,0.25575000000000003,0.06687024431295772,0.21656107329388732
human,0.801,0.414019234006734,0.18223416076455823,0.4605779418320611
human,0.818,0.48364044612794616,0.3020951339969821,0.529484718650273
human,0.77,0.5761838383838384,0.37156057663418207,0.5729417083437899
human,0.867,0.47010597643097646,0.33926539689969737,0.5499220096422998
human,0.835,0.5687336279461279,0.2945673307704031,0.566363650409572
gpt4,0.203,0.13127664141414142,0.052229004769696344,0.12907935799656547
human,0.808,0.6389811447811448,0.27445779883035254,0.5803297975615637
human,0.871,0.4431407407407407,0.19133416609027254,0.49595654612337803
human,0.823,0.566773569023569,0.2708312535107008,0.5548588036626378
human,0.656,0.545648526936027,0.26027378788919164,0.49314154714116826
human,0.518,0.4725537878787879,0.2934164664471624,0.43244645508566393
claude,0.144,0.13893270202020203,0.018195927193465782,0.10423185896612054
human,0.556,0.4680224326599327,0.25276371994446517,0.4298380890473127
human,0.736,0.42885294612794617,0.35556004163435784,0.49900919094148577
human,0.478,0.5507140993265993,0.28838913788743314,0.45020238109686966
gpt4,0.145,0.2468189393939394,0.06648411553785528,0.16217281041893236
claude,0.077,0.13604208754208755,0.04867760614165395,0.0921201168593312
human,0.836,0.5400678872053872,0.33214670715102756,0.5664711670274631
human,0.768,0.5425424242424243,0.26930910792610324,0.5282097020748007
gemini,0.086,0.18191010101010102,0.0508405349160865,0.11381620087886635
human,0.833,0.5026572390572391,0.36132054891702103,0.559359060298002
human,0.92,0.4811300925925926,0.3306032481665642,0.5676330114870063
llama,0.281,0.30712588383838385,0.1109413580152838,0.2404327609399387
human,0.915,0.464834132996633,0.39304961021800267,0.578348536264054
human,0.513,0.6064507575757576,0.2025041682172088,0.45723155349546574
human,0.748,0.497711026936027,0.3780048886205563,0.5368858773605777
claude,0.078,0.19883354377104376,0.05421188543685093,0.1191969831394728
human,0.563,0.5175332912457913,0.21125780655096357,0.4392906584636056
claude,0.091,0.24748585858585856,0.02093736293403316,0.13257555231455337
human,0.801,0.56719132996633,0.25627287664774756,0.5440583949808563
human,0.772,0.5020405303030303,0.26710927666583484,0.5125489951209626
human,0.636,0.44598501683501685,0.3659296689683355,0.4789729074245074
human,0.547,0.35753169191919193,0.3108783878409587,0.4003761931199644
human,0.523,0.438083627946128,0.25490838689472334,0.4086059672468682
human,0.661,0.3397444865319865,0.4152825884981318,0.4587825711622342
llama,0.049,0.2587213804713805,0.054649329244703185,0.13458335096196317
human,0.753,0.5758743265993266,0.32235320291474,0.5529556915141526
gpt4,0.255,0.30215593434343435,0.04227758077752079,0.21004564797063
mistral,0.481,0.3570125,0.07485720652048306,0.30956216195614494
human,0.735,0.44117125420875425,0.3450576531268475,0.500485797621556
human,0.72,0.5782684343434343,0.36662085820201873,0.5572936311979794
gpt4,0.17,0.1655125,0.026377989802429395,0.12511839694072882
human,0.538,0.3839114057239057,0.1643189302096958,0.364260241352471
human,0.844,0.61580484006734,0.32030051606674226,0.5956120908469587
human,0.825,0.4988431818181819,0.31229658322768433,0.540726247695578
claude,0.44,0.21718135521885523,0.024562602859138204,0.22624132294528354
human,0.613,0.3345824915824916,0.26537576916377914,0.3973457273821303
human,0.793,0.5979347222222222,0.3035867291572811,0.5681499076360732
human,0.443,0.5487165404040404,0.24831870956099703,0.42688222902991524
human,0.831,0.5367010942760942,0.2760791510091224,0.5468041830131743
gpt4,0.113,0.26307500000000006,0.023626503074009007,0.14621795092220274
human,0.702,0.3854180555555555,0.2125997798034845,0.4285471561632676
human,0.862,0.6571010942760943,0.31857093551698784,0.6170117183655341
gemini,0.335,0.28841835016835016,0.05195411794112574,0.2314535754496778
human,0.565,0.3998934764309764,0.27308215232547817,0.411382036270034
llama,0.079,0.19959688552188554,0.05719481252815678,0.12069719796720126
human,0.813,0.5968784932659933,0.4548251310159219,0.6190989366111739
claude,0.096,0.17777411616161615,0.030794769126934553,0.10914807720272682
llama,0.255,0.2231476430976431,0.03364759976921905,0.175853337169823
llama,0.389,0.14705744949494948,0.03955206991926016,0.18738860077375785
gpt4,0.35,0.23568569023569025,0.04183900738231093,0.2118259783089694
gpt4,0.34,0.19623728956228956,0.10034370014888555,0.21059802586958148
gpt4,0.36,0.21196148989898989,0.023583711160386066,0.19985970930771177
claude,0.228,0.1415088804713805,0.04454616016834617,0.13836740023905605
human,0.755,0.4763391414141414,0.2709317987683867,0.49831519619617254
human,0.748,0.6040502946127946,0.20416584623590905,0.5272698717158906
human,0.617,0.4000289141414141,0.1829404024849984,0.3999936864020652
human,0.748,0.6280244107744108,0.1884900306396049,0.5321567735016458
human,0.783,0.5428936868686869,0.2885230479665987,0.5386143891374544
human,0.741,0.4922518097643097,0.2904945795532764,0.5063490977717068
human,0.622,0.49669591750841746,0.3433121383664125,0.4882720085132907
human,0.852,0.48455812289562294,0.318448197187085,0.5449577083143746
human,0.922,0.5428272727272727,0.29260251506021573,0.5815116636089739
gemini,0.067,0.18188118686868684,0.043233685620403854,0.1058225804335959
gpt4,0.328,0.2874118265993266,0.06373692426599765,0.23248580791952994
human,0.799,0.4923424663299663,0.167835002420018,0.48698748725799196
human,0.852,0.48064368686868686,0.31061165554351594,0.5410409714105295
gemini,0.52,0.31441250000000004,0.02179048119838621,0.2883021443595159
human,0.662,0.5093265151515152,0.24316696012245792,0.47528069409734347
gpt4,0.16,0.24195210437710438,0.09040704808048193,0.17190295617498635
human,0.89,0.5374776515151515,0.2862542344871823,0.5678673309522153
human,0.552,0.6111452861952862,0.2757866971108837,0.4927941236113796
human,0.514,0.6075285353535353,0.38743953878141624,0.513443275775839
human,0.764,0.3762382575757575,0.4170766273071815,0.5048182912224575
human,0.656,0.5398631313131314,0.2950095518528629,0.5012481180811114
human,0.807,0.4617183080808081,0.2795133498156934,0.5106413281770313
human,0.83,0.41953287037037035,0.29349064885790227,0.5048603428055188
human,0.724,0.4958044191919192,0.35438239142995426,0.5218364851057539
human,0.817,0.51552117003367,0.3156609081850201,0.546006740468974
human,0.799,0.5606994528619529,0.3206270299094126,0.5601678901176049
human,0.878,0.6280772306397306,0.29771802600221403,0.6039463000565564
human,0.797,0.49599840067340073,0.2804435837284355,0.521632435387891
gpt4,0.228,0.16355096801346802,0.0382670266436444,0.14530049519848054
llama,0.534,0.20497297979797982,0.04105265681967768,0.25450498896509527
mistral,0.068,0.21227163299663301,0.03702627606124907,0.11641653601702792
gemini,0.516,0.21662895622895623,0.033885143626811456,0.25161712557962596
mistral,0.147,0.1825561447811448,0.07610550620244749,0.13995410977319214
human,0.856,0.4814165404040404,0.1456506536811907,0.49306181226597334
human,0.27,0.5173152777777777,0.2726348745191366,0.36971657346685205
human,0.862,0.39323118686868686,0.2740149680708353,0.49809696516872537
llama,0.269,0.33018741582491584,0.05215470278997091,0.22842137716695762
human,0.711,0.5179531565656565,0.23323148201399088,0.4904507072304599
claude,0.135,0.20410984848484853,0.03546337184706826,0.1327829509480599
human,0.512,0.5446131313131313,0.3678908883643191,0.48181251903454825
human,0.707,0.5156658249158249,0.35101321394298807,0.5236702941492264
human,0.806,0.4655662037037037,0.211977694702589,0.4916197898922582
human,0.977,0.3892575336700337,0.3144684042786588,0.543143534751611
human,0.609,0.46167794612794616,0.30159025150602153,0.45784825390298495
human,0.644,0.5507752525252526,0.25110002225746647,0.48884010768734104
human,0.785,0.5130125000000001,0.4943930961743619,0.5890229288523086
human,0.805,0.4774496212121212,0.2345579561817643,0.5028472353393778
human,0.788,0.6308780303030304,0.2539497095727203,0.5649361249930283
llama,0.127,0.19766001683501688,0.045992219751031224,0.13096167265931613
human,0.872,0.42520357744107745,0.3045693820747844,0.5230522455988663
human,0.877,0.4133013468013468,0.37147819451585407,0.539863997075295
gpt4,0.238,0.22107579966329968,0.02298955575503724,0.16672718659183103
human,0.8,0.7235744949494949,0.2882070793816142,0.6158919217942822
human,0.862,0.5172519781144781,0.27454057316744346,0.5478629631960242
human,0.68,0.4229607744107744,0.314362326575147,0.46749300773685387
mistral,0.234,0.1773646043771044,0.09048206964292593,0.16829046264371955
gemini,0.301,0.2276125,0.011198154924694734,0.18470444647740838
human,0.765,0.5252154461279461,0.3308281108619451,0.538834611709762
gpt4,0.184,0.24969705387205388,0.031237289780825087,0.16445000848306907
gemini,0.277,0.1695344696969697,0.014890852373878542,0.15538104359095145
human,0.918,0.576134638047138,0.26171002208999117,0.5843668618458525
gpt4,0.245,0.15568089225589227,0.11402693104037329,0.16998043621446887
gemini,0.342,0.19641052188552188,0.03287077884385106,0.19102544240736408
human,0.492,0.5587985269360269,0.21670443352319452,0.43613074083136916
llama,0.115,0.15853148148148152,0.08499289618374051,0.12341046144771477
human,0.828,0.647065824915825,0.2770998753648868,0.590356292575796
human,0.566,0.5526692340067341,0.33543706475264734,0.49149881302848775
human,0.849,0.4115426346801347,0.13589212139279153,0.4600846902898913
human,0.873,0.4952159932659933,0.39325205830484866,0.5779620147978519
human,0.91,0.4999,0.3658375059914286,0.5827112517974287
human,0.697,0.5944814393939394,0.26184439246662633,0.5254458934975637
human,0.72,0.47172870370370373,0.30583120281592957,0.49644084232626035
human,0.714,0.5463112373737373,0.28155910050694766,0.5171922251015793
human,0.614,0.5232754629629629,0.3546742420905606,0.4999124578123534
gpt4,0.28,0.20320088383838383,0.029846408073648936,0.1742342759574482
human,0.739,0.5756689393939394,0.2922370377137613,0.5396386870717041
human,0.868,0.4855748316498317,0.30300012458487063,0.5455299700353938
human,0.835,0.5298322811447811,0.3151373296064498,0.5569741113398474
human,0.77,0.46321957070707076,0.3259658561253252,0.5140775851204258
llama,0.294,0.19228367003367003,0.020501964669412145,0.17126405741429163
human,0.735,0.4737650673400674,0.22711512741520307,0.4781405651605879
human,0.674,0.47644970538720544,0.16696046904805367,0.44286802286929833
human,0.68,0.5234511784511785,0.39742388490762903,0.5326076368527601
human,0.835,0.4478694865319865,0.2748621877297552,0.5121064509317211
mistral,0.06,0.24727908249158248,0.05935623656220117,0.13471850396529333
mistral,0.448,0.3392891414141414,0.04504942685767782,0.2836304846229599
gpt4,0.051,0.21151940235690234,0.05533557511015687,0.116508433475808
claude,0.141,0.16454196127946125,0.02789602065305316,0.11648559070770044
claude,0.074,0.2214662457912458,0.025004458811963767,0.11828783596008746
human,0.52,0.6177136784511784,0.30361724014114816,0.4941706434228158
human,0.812,0.440243265993266,0.20254876035625347,0.48046193450418245
human,0.669,0.5421377946127947,0.2682736718790561,0.4980372194088347
human,0.683,0.4193988636363636,0.2685980615739663,0.45323896392673535
human,0.8,0.5833742845117845,0.3929879963925822,0.5912461127224884
human,0.794,0.4667751262626263,0.22846780423143073,0.4934503917744797
gemini,0.194,0.24855568181818183,0.046824075486138914,0.17166949537311443
human,0.755,0.5438137205387206,0.36994294920641835,0.5550083729774137
human,0.824,0.6128210437710437,0.4324669811741023,0.6220685118606482
claude,0.118,0.2058061868686869,0.06557282623768429,0.13739432261878007
gpt4,0.232,0.15116616161616164,0.02980026163827681,0.1390065431379477
gemini,0.319,0.18531119528619527,0.06317841618615214,0.18877800297032374
llama,0.169,0.15571611952861955,0.07923344585440034,0.13675648156776793
mistral,0.271,0.23726077441077442,0.03876690306362554,0.18783438068339744
human,0.754,0.4920526094276094,0.1723654594098506,0.47473068159399895
human,0.97,0.5860743686868687,0.29547966279687093,0.6140736463138088
mistral,0.239,0.22640281986531985,0.062745704267103,0.18108483922625887
human,0.659,0.40767908249158247,0.364714993275867,0.4701861309793931
claude,0.326,0.2815233164983165,0.0544708017712187,0.2267505671306922
human,0.855,0.4773343013468014,0.2529714053103066,0.5233251421318126
human,0.928,0.4013875841750842,0.2900436335774565,0.5259681237432706
gemini,0.364,0.2069678872053872,0.05045665849108111,0.2071241524294792
human,0.686,0.5717126262626263,0.20864601727005222,0.4970788556860662
mistral,0.155,0.3794000420875421,0.0270928499773071,0.20638787182820895
gpt4,0.19,0.16355803872053873,0.11635620985826567,0.1573300784456952
human,0.78,0.4677669191919192,0.31776971001652976,0.5164376806817266
human,0.716,0.5300800925925926,0.27392719992195647,0.5090101970136239
mistral,0.233,0.26587264309764314,0.03136801702553831,0.18565946234671876
gemini,0.442,0.19634381313131316,0.048498796103854776,0.2256871640836817
human,0.757,0.41072483164983165,0.3587384990361797,0.4990114823707866
gpt4,0.1,0.20305862794612795,0.05335864290583032,0.12723104405020028
gpt4,0.207,0.24042546296296297,0.027042083886699618,0.16638281035119507
human,0.445,0.5318101430976431,0.3204910032691177,0.44237135821979257
human,0.732,0.4725981902356902,0.24931964060639455,0.4834351682761944
human,0.752,0.4623517255892256,0.4055072268687312,0.5321928582963096
human,0.878,0.49394688552188554,0.21189210615253984,0.5245463860545162
human,0.895,0.4909597222222223,0.3137566756238036,0.55901089157603
human,0.795,0.4793281565656566,0.2099832832693857,0.49322624760707834
claude,0.125,0.2105988215488216,0.03382934679611391,0.1318883326583628
llama,0.384,0.27266632996632995,0.06807766696030668,0.244689832074624
llama,0.019,0.3555993686868687,0.08675235063297286,0.17396545266463936
human,0.844,0.5296689393939393,0.3006631534425384,0.5552665217903372
gpt4,0.198,0.1797414983164983,0.03584202118394984,0.14204920568178428
llama,0.142,0.343206228956229,0.03967077417966415,0.19178372383639083
human,0.785,0.6544359848484849,0.34391811300562886,0.6004498278410826
human,0.801,0.3535479797979798,0.4133309339008513,0.5057184720894473
human,0.727,0.43256195286195287,0.23295135721140242,0.46101018830820184
human,0.741,0.42767201178451175,0.3135248240002143,0.487426251913869
human,0.955,0.4209425925925926,0.35788989468316185,0.5622440054419856
gpt4,0.023,0.23329764309764311,0.08151766212864447,0.1246743558776506
human,0.919,0.5250480218855219,0.3078929742858435,0.5780871010399619
human,0.879,0.57805382996633,0.2943634962225947,0.5832305808533104
human,0.682,0.5368694865319865,0.2728659393605458,0.5012075764209584
mistral,0.196,0.2532326599326599,0.019202455497627714,0.16585380062235228
llama,0.368,0.3980673400673401,0.05930871244994583,0.2874195497619198
human,0.788,0.5951125841750842,0.29858038102303963,0.5640191479769455
human,0.577,0.6495076178451178,0.3650416704488171,0.5424155482726922
human,0.764,0.4834957912457913,0.2443369295582169,0.49589939536578154
gpt4,0.162,0.21946835016835015,0.05115212472554986,0.15173297748500503
mistral,0.116,0.1942699074074074,0.045315199781277266,0.12610252289734614
human,0.899,0.4887425505050505,0.22959621377718753,0.5340758843351765
mistral,0.236,0.18478468013468013,0.0583418037424029,0.1622164131765929
human,0.798,0.5679701178451179,0.1482046176287843,0.5110494324266824
human,0.768,0.4049144781144781,0.27354675449629295,0.4744298175946791
human,0.81,0.5292408249158249,0.3495687779662805,0.5595669633562141
human,0.73,0.4475914983164983,0.28064329229630397,0.48222958701549046
mistral,0.249,0.19708627946127943,0.033006582122347396,0.163436486421216
mistral,0.064,0.15093127104377108,0.04589946353476704,0.09334234747793854
human,0.781,0.40019806397306396,0.2721652689653209,0.4760288062788219
human,0.405,0.5681183922558922,0.39231206025593574,0.4664409749791376
human,0.922,0.46967478956228953,0.34420652317941797,0.5677318727787412
gemini,0.155,0.20592015993265994,0.030808778870647112,0.13811069763425812
human,0.93,0.38469318181818185,0.37328976797135505,0.5448642031186793
gpt4,0.543,0.19533695286195285,0.018506443075985216,0.24658671406757673
llama,0.33,0.21218303872053873,0.018383104698854305,0.18938814689787178
claude,0.202,0.1561040404040404,0.04295862114241597,0.13592920250434096
human,0.802,0.4104420033670033,0.2600125986638821,0.482780580945966
human,0.884,0.39660867003367006,0.3044297077472396,0.5151723803376399
human,0.827,0.4461220117845118,0.29972333612458824,0.5164658055511813
gpt4,0.259,0.1960875,0.03176411323507,0.16566423397052102
claude,0.071,0.21025580808080807,0.05891310574557489,0.1230762549559957
human,0.794,0.4867935606060606,0.41009935386357127,0.5559472304014956
human,0.66,0.5898081228956229,0.2781023615188669,0.5173539576139092
human,0.716,0.4653979797979798,0.2657532788396642,0.4806851755710912
gpt4,0.329,0.33122588383838386,0.07347039988913134,0.25323147350209296
human,0.731,0.4218263888888889,0.25786933787805455,0.46539135691897193
llama,0.294,0.28992626262626264,0.021243763437798845,0.2105436340818447
llama,0.127,0.42501877104377106,0.0676424005322365,0.2284002285771794
human,0.959,0.45954175084175086,0.3354366866520517,0.5721477063323158
human,0.824,0.3429827441077441,0.20953943057562935,0.4472549268157864
gemini,0.281,0.2948523569023569,0.02127032710436893,0.20862204089225345
gemini,0.445,0.18217617845117845,0.021216754781000935,0.21273549781477166
human,0.889,0.4327084595959596,0.41340369564380014,0.5638044925315239
llama,0.207,0.19856502525252526,0.06069365441138296,0.15973410642442498
human,0.408,0.5146910774410774,0.21267134645948857,0.39207783491427756
human,0.495,0.5658403198653199,0.3065728530253575,0.46680798385373523
human,0.706,0.3634589225589226,0.33206719168217214,0.4568037265282207
human,0.859,0.6029820286195287,0.3022133493383889,0.5895568162493281
gpt4,0.092,0.26398085016835016,0.03310455366159607,0.1431237061658189
llama,0.261,0.19835757575757576,0.03952621224478859,0.16950089397646687
human,0.813,0.6477532828282828,0.2007936362486874,0.5632394040059193
gpt4,0.358,0.21190770202020204,0.07686859187610848,0.21522365837091334
claude,0.177,0.1862375,0.011139400589178082,0.13093682017675343
human,0.801,0.47076372053872056,0.25560379283808654,0.5052866260669142
claude,0.248,0.18992420033670035,0.025739537508604044,0.15809154138726134
human,0.801,0.5010467592592592,0.30538347138600874,0.5323337451195063
human,0.725,0.6159354377104378,0.15803207359534283,0.511283797162778
gpt4,0.184,0.3339215067340068,0.022375134675257036,0.1954811430961798
human,0.616,0.43367390572390574,0.2761716256994187,0.44112104999938795
gpt4,0.377,0.19634343434343438,0.05365695102854952,0.2077344590459386
human,0.788,0.4610989478114478,0.2982645634672745,0.5103189481647615
human,0.503,0.5848978535353536,0.29903449337049054,0.47456948942528865
llama,0.523,0.2845,0.010419397951442215,0.27382581938543266
human,0.633,0.5273179713804714,0.302178168473446,0.49148063909422235
human,0.557,0.563331691919192,0.27941771495035195,0.47625799125278234
human,0.866,0.4885092592592593,0.20033671522333665,0.5153047182707047
human,0.847,0.30140223063973065,0.27921470203633214,0.4584253028667919
human,0.616,0.5022277356902357,0.23472650048651572,0.45610904442204897
human,0.871,0.5647864478114478,0.3526768161606959,0.5930176239727879
human,0.824,0.4457108585858586,0.12927677141129756,0.46426737485773273
mistral,0.14,0.18448472222222223,0.0476134765944904,0.130077931867236
human,0.556,0.46749305555555554,0.32506821006593506,0.4513176852420027
human,0.911,0.6289395622895624,0.32447361795201163,0.6222179103014285
claude,0.059,0.16578564814814817,0.0775406037065632,0.10727644037122822
human,0.646,0.526605765993266,0.48021975184348425,0.5485082319503516
llama,0.309,0.1717939393939394,0.014070242872670209,0.16563864861937683
gpt4,0.075,0.1753874579124579,0.028958976332391563,0.10134267606470063
gpt4,0.122,0.19431005892255893,0.06543199990621384,0.13395362354088772
human,0.722,0.5057710016835018,0.23609264896508642,0.4897361953629267
human,0.936,0.6188757996632996,0.25578197769061617,0.6050849131725047
gpt4,0.274,0.21815702861952863,0.03709738520824715,0.1805920270102856
human,0.891,0.48370122053872056,0.19900544160722689,0.5204821206976563
human,0.555,0.6620375841750842,0.37572129993485215,0.5440314236504893
human,0.441,0.4424652777777778,0.2944692582854215,0.39762688859673756
human,0.869,0.433359595959596,0.22236758219268699,0.5007541130416445
human,0.679,0.5159750000000001,0.24164753730930846,0.48258426119279263
human,0.796,0.41113472222222225,0.33786072975684267,0.5046121078159417
llama,0.217,0.23650631313131315,0.055904784685389286,0.17647396065814205
human,0.462,0.6010112373737373,0.22889419124506158,0.4476727523230134
human,0.587,0.46079608585858584,0.2818233974540406,0.4449654535796465
gpt4,0.069,0.15925968013468014,0.028326649162707277,0.09290186680268424
human,0.82,0.3895757575757576,0.24000006354012626,0.4738303220923409
mistral,0.052,0.2190317760942761,0.03593142862286741,0.11399213902457067
human,0.574,0.49855934343434344,0.350238577875174,0.47669531073628957
human,0.769,0.39994764309764314,0.39161107343289187,0.5081623792689248
claude,0.226,0.2009983164983165,0.03436612240266755,0.15850916332012688
human,0.688,0.49860639730639733,0.2800281665474801,0.48985100888680294
claude,0.185,0.3061977272727273,0.042281607168277495,0.19066357305957415
claude,0.215,0.17165319865319867,0.044933095069024945,0.14664120798198696
human,0.669,0.4427648569023569,0.24924433771057924,0.4525792440741166
human,0.724,0.5271939814814814,0.4122421691651189,0.5517502433421283
llama,0.41,0.270558627946128,0.05332855118798599,0.247222016534847
human,0.874,0.440950462962963,0.372559775691966,0.5503481178927749
human,0.587,0.5561524831649832,0.4247916564813776,0.5259984902104066
llama,0.124,0.2466027356902357,0.04972990489915475,0.1507600657458407
human,0.635,0.3307128787878788,0.26586008962440316,0.40254317840247245
human,0.905,0.47291763468013476,0.3457621932983087,0.5643957118615466
mistral,0.142,0.17524309764309765,0.041174651090347895,0.1250496343843434
gpt4,0.341,0.16847462121212123,0.060399076072302424,0.18780957130653922
human,0.645,0.46886064814814815,0.1796788923519058,0.43494792696483103
mistral,0.323,0.25111132154882154,0.04545394532434103,0.21098071221683093
human,0.861,0.3576679292929293,0.254264047408906,0.47764638593984354
human,0.872,0.33339941077441076,0.28954520973768344,0.48182332723106935
claude,0.365,0.240034132996633,0.012671372007844543,0.2093150648010066
human,0.676,0.6490895202020202,0.32163227133342154,0.5589254894808345
human,0.753,0.48202352693602696,0.31112897556200525,0.5120481034430124
gpt4,0.375,0.2674171717171717,0.048640896319395485,0.23405913758268732
llama,0.117,0.2214260521885522,0.04262264258427776,0.1364572136507042
human,0.696,0.5339348905723906,0.339889802379154,0.5243408969427025
claude,0.115,0.17817188552188556,0.014829504515971282,0.11021760556354561
claude,0.188,0.1852587542087542,0.05061492832057451,0.14568798017967405
claude,0.209,0.15936094276094276,0.033435129391411536,0.13647491592180058
human,0.545,0.5177099747474747,0.2718895440652618,0.4521508531185684
gemini,0.117,0.29087786195286197,0.08106973003820112,0.17577206379260513
human,0.857,0.39434852693602696,0.24510559747648228,0.48837109001735546
gemini,0.185,0.2470912878787879,0.0358511476746893,0.16509185945392196
gpt4,0.175,0.29410597643097647,0.06460670768694848,0.18952440287847513
gemini,0.226,0.2178614478114478,0.06210248386794239,0.17357532428496183
mistral,0.1,0.24039360269360271,0.049589824711984365,0.1410343884910364
human,0.833,0.5770852693602694,0.3760289534887616,0.5935427937907363
human,0.772,0.4179263047138047,0.2812197037362063,0.48313643300638376
gemini,0.071,0.14349377104377106,0.06938863245537201,0.09951409815412003
human,0.929,0.5201496632996633,0.27213989129178723,0.5684018327074015
llama,0.118,0.21134532828282826,0.05281910886396485,0.13578386397232076
human,0.696,0.6050418350168351,0.38700364370971174,0.5669178271196476
human,0.637,0.4453491582491582,0.24380667570754125,0.44238166601192563
human,0.372,0.5916998316498316,0.2757746408241124,0.4310123249071664
human,0.867,0.5416980218855219,0.39595465733717633,0.5955656059553617
human,0.774,0.5025136784511784,0.24567830960487555,0.506908964261934
gpt4,0.399,0.1880118265993266,0.03901543859267161,0.20660936221753215
human,0.662,0.35386952861952864,0.32662704992271013,0.4381359264246245
claude,0.038,0.16789680134680135,0.042615500399428574,0.09134337065854911
human,0.765,0.45150597643097645,0.4218928267066151,0.5366702385843751
human,0.888,0.491232702020202,0.3225021098872389,0.5596437137742525
human,0.755,0.5702832912457912,0.23855688635796504,0.526180382405706
claude,0.256,0.2124970117845118,0.04504124105053902,0.1753111770289664
human,0.873,0.4979592592592592,0.282724879769487,0.5459011676345498
human,0.648,0.43339086700336704,0.19340482554098706,0.42577779446364294
human,0.796,0.5723179292929294,0.2785619869519999,0.5512957678027717
human,0.689,0.5800938131313131,0.2681729287074424,0.519189403864758
human,0.79,0.4848686447811448,0.2920062306586971,0.5185493271100671
human,0.696,0.4916886784511785,0.28050671560015605,0.48962748606051815
mistral,0.363,0.2082,0.01604337847071611,0.19699301354121485
human,0.853,0.5512462962962963,0.22415867304300932,0.5436461204314214
gpt4,0.251,0.20293817340067338,0.04682215357316912,0.1705219154322201
gpt4,0.238,0.1997449074074074,0.04591847043977338,0.165073504094895
human,0.776,0.4979535774410775,0.2776011483697117,0.5152617754873445
human,0.772,0.541714436026936,0.3019813947007468,0.5388801928209985
human,0.755,0.5711155303030303,0.4263345808260886,0.5828465863690386
human,0.64,0.6297637626262627,0.31892694550186484,0.5395835887010645
human,0.87,0.5199287037037037,0.26147071861973564,0.5474126970674021
human,0.676,0.4396140151515151,0.23942020910127734,0.4504716687909892
mistral,0.203,0.248275,0.05645258730905724,0.17714577619271718
human,0.547,0.4651307239057239,0.21525672126919476,0.414729305943048
human,0.767,0.5606547558922559,0.33137407458177237,0.5537741247314341
human,0.475,0.5463976430976432,0.4329904233691675,0.4909561842498075
human,0.9,0.5098505050505051,0.3755354807127078,0.5866008462340144
human,0.861,0.4855306818181818,0.2354671308551456,0.5231524119838163
human,0.89,0.3975268518518518,0.3148787010448783,0.5204743510542043
human,0.921,0.5126857744107745,0.20516627859012598,0.5429241933413476
mistral,0.254,0.2246263468013468,0.08342234568407796,0.1910772424257621
human,0.732,0.4286058501683502,0.4235287420930728,0.518100962695262
mistral,0.236,0.21680105218855222,0.06804746587272213,0.17793466063723754
human,0.87,0.4918989057239057,0.2189298830017602,0.5234385271900903
llama,0.308,0.18058085016835015,0.059485523318422454,0.1824779970628668
gemini,0.109,0.18246376262626263,0.02005351667970183,0.1117015600544156
human,0.731,0.5205822811447811,0.19726163579817885,0.4867114031973661
human,0.683,0.46911957070707067,0.2789519468751622,0.47623341234537697
gemini,0.338,0.15121321548821548,0.05422585600809242,0.17815304299771392
human,0.718,0.4925526515151515,0.2182183527297635,0.4778865664249896
human,0.848,0.48108497474747475,0.3577711068190915,0.5541653219447173
human,0.634,0.5017289983164983,0.34468038037825977,0.4942957134400773
human,0.942,0.6240082491582492,0.23366253953672983,0.6023020615243185
human,0.585,0.5429912457912458,0.239637628164655,0.46458778676589485
gemini,0.151,0.2897899410774411,0.015825553924532283,0.16596364260833615
human,0.895,0.5459813552188553,0.2192946165904375,0.5526809270646733
human,0.811,0.5964385942760944,0.30176367542953225,0.5724045403392974
human,0.767,0.6622288299663299,0.2645192918056014,0.5743473195282124
human,0.676,0.4914678872053872,0.3373336697353723,0.5005872558027666
human,0.629,0.44571641414141416,0.3275579025478016,0.4652539364209062
llama,0.119,0.2527989898989899,0.09229957508168607,0.1645094684841018
human,0.888,0.5506087121212122,0.3527882785382087,0.5924799684099474
human,0.72,0.5541908249158249,0.31107617717546215,0.5309991831189687
human,0.804,0.5393855218855219,0.34803187969244836,0.5613637726619433
gemini,0.289,0.3181465909090909,0.051859732064652164,0.22951655598303203
human,0.551,0.3158670033670034,0.2304526265568922,0.36078258931386903
human,0.83,0.5104329124579124,0.35078476555133703,0.5584085946485661
human,0.793,0.5306522306397307,0.29696641879206764,0.5392508178935126
human,0.8,0.5274094276094277,0.23877575259209885,0.5225964968214007
gemini,0.357,0.20999642255892254,0.047865051448410086,0.20545808445809202
human,0.907,0.584252398989899,0.30277704524177573,0.5966340731684924
gpt4,0.297,0.1803517255892256,0.053084328909752586,0.177165988908616
gpt4,0.384,0.2324074074074074,0.03424123482883188,0.21843533341161253
gemini,0.484,0.18366132154882153,0.030164707747239592,0.2277139409437005
human,0.64,0.46633897306397304,0.28509189508342786,0.46406315775061757
human,0.607,0.5336349747474747,0.23122938583460473,0.4649228056493713
human,0.679,0.4923787878787879,0.17993781512569856,0.4546328596892248
claude,0.332,0.3366645622895623,0.0629333711771671,0.2531458362689751
human,0.798,0.5315229797979798,0.2697764572778901,0.532942129102559
llama,0.048,0.2596825336700337,0.09198443663823494,0.14586834445948396
gemini,0.164,0.1885821548821549,0.025768715497996156,0.1323634766022608
mistral,0.315,0.21320252525252525,0.0377637413645552,0.19111013251037667
human,0.791,0.4955708754208754,0.34224555371518817,0.5382020162829066
human,0.939,0.3394246212121212,0.21677836729174027,0.48250335867237054
human,0.735,0.5754171717171718,0.3516699954362983,0.5561678673177582
human,0.888,0.46599486531986534,0.27659677404903343,0.5357769783426561
human,0.925,0.6083077861952861,0.2838021171807879,0.6059637496323509
claude,0.056,0.21148026094276093,0.022672826430280874,0.10819395230618864
gemini,0.334,0.1530555134680135,0.022265464601584652,0.16810184476768078
human,0.743,0.447442297979798,0.3613944108302922,0.5102952424410069
claude,0.209,0.2094394781144781,0.01962807874855762,0.15236421487035853
llama,0.191,0.28769048821548826,0.022594269104325385,0.1791544760174929
human,0.839,0.4724894781144781,0.35384074081858574,0.5468480134913669
human,0.74,0.4238606481481481,0.343224479403051,0.4945116030801746
human,0.659,0.5247389730639731,0.33494633877237256,0.508079490857301
gemini,0.099,0.34555,0.0228075156380055,0.17476225469140166
human,0.707,0.5107568602693602,0.22612615351957704,0.48424059016361715
human,0.844,0.6776209175084175,0.20901854479880358,0.586953930443008
human,0.789,0.42840736531986534,0.22800211640202778,0.47646358104855446
gpt4,0.336,0.26125976430976433,0.1271888561186261,0.24346056255949355
human,0.814,0.4605051767676768,0.25910872692818493,0.5061346887855261
human,0.788,0.268458164983165,0.24474892416383776,0.41720794324241733
human,0.643,0.4914334175084175,0.37125949304391365,0.500851214916541
gpt4,0.107,0.28300648148148144,0.02982587206897303,0.15425035421328448
human,0.894,0.5131400252525253,0.15309499967342322,0.5193845100030371
human,0.76,0.4877233164983165,0.3216355619465988,0.5195799951833062
human,0.614,0.5210016835016835,0.3324163328102522,0.49232557324374904
mistral,0.222,0.16470122053872055,0.047660831632063486,0.14677873770510727
human,0.82,0.6231237794612795,0.2365712880608538,0.566220898202768
claude,0.194,0.17864191919191919,0.010271182015498164,0.13273812228141713
human,0.867,0.33311170033670034,0.3573493930946587,0.5005494980630778
human,0.876,0.587090361952862,0.27123647752565305,0.5790070880388407
claude,0.232,0.21744158249158252,0.020258501246853557,0.16265418337068907
claude,0.215,0.2773098905723906,0.02740586748014999,0.18364571647300124
claude,0.056,0.2029020622895623,0.03403449552254804,0.10817117357258935
gpt4,0.39,0.1890743265993266,0.0581636670557676,0.21007883075646094
gpt4,0.328,0.1412916245791246,0.03857463856319597,0.1664890414006086
human,0.678,0.5172994107744108,0.3094732132647131,0.5031617282891783
claude,0.16,0.15865526094276095,0.05085606192733917,0.12671892295530612
human,0.79,0.6349254208754209,0.31111962989634956,0.5843060573190733
llama,0.215,0.43075694444444446,0.06282167290233008,0.25564927964847683
human,0.82,0.5163177609427609,0.23341552993369655,0.5225517633572133
human,0.849,0.5887493686868687,0.35734459119280926,0.5974031248325903
human,0.845,0.5147145622895624,0.243028020132205,0.5322942309554864
claude,0.334,0.18459305555555555,0.045286846523966556,0.1876232761794122
llama,0.138,0.31146885521885526,0.02296765275002805,0.1728778379125505
human,0.856,0.4870220538720539,0.3196124075829464,0.5474925438237055
human,0.509,0.5209347643097644,0.4026711497095141,0.48187525063675996
human,0.625,0.5029462121212122,0.2608726947779529,0.46694029328187076
mistral,0.17,0.20123682659932662,0.06269513339407105,0.150303270657952
claude,0.49,0.15858072390572392,0.0367332610872831,0.22145226788847447
human,0.852,0.44687285353535355,0.32992466481494814,0.5333265408586259
gpt4,0.184,0.20896725589225587,0.036860179692615846,0.1498449562646871
human,0.576,0.6272501262626262,0.24099326713314123,0.4959980306449928
human,0.563,0.5710177188552189,0.27606513260693716,0.48012662732416866
human,0.752,0.498841835016835,0.27508080654426453,0.5076609759700134
human,0.686,0.48104149831649834,0.19171761554539166,0.45573188399021686
human,0.614,0.587360606060606,0.3575154059349894,0.5263988642047392
human,0.864,0.4507585016835017,0.23941692085787547,0.5113284769307633
claude,0.055,0.23991893939393938,0.04661084195691531,0.12645082834465035
mistral,0.594,0.19871367845117846,0.035763134300112374,0.26841441167050506
human,0.754,0.5326218434343435,0.2734499624855343,0.5212837261193977
claude,0.209,0.13909650673400673,0.055382226307688964,0.1349532705859094
claude,0.187,0.13509524410774412,0.03806006458684683,0.1215561170191517
claude,0.356,0.21197626262626262,0.044594158662743286,0.20496875264932804
human,0.807,0.5142262205387206,0.2575447068931156,0.5250539002834229
human,0.632,0.4447819023569023,0.23433878175959594,0.4378143954706397
llama,0.394,0.29230353535353537,0.03325722696921637,0.24509858223217906
human,0.684,0.3629257154882155,0.35661994492574983,0.45735626967301113
human,0.813,0.3931181397306398,0.22721298981080318,0.46931115283549685
human,0.588,0.535644696969697,0.3830486252623082,0.5055724663665713
human,0.722,0.3706746632996633,0.34490366609278467,0.46834096514770074
human,0.862,0.6249715909090909,0.3181921037325219,0.604046267483393
human,0.673,0.4129430976430976,0.20795227425586538,0.42946292133399866
gemini,0.28,0.21781473063973067,0.0904497965761351,0.1982608312287328
human,0.834,0.5273136784511785,0.34400762788832073,0.5643277597469676
human,0.853,0.4891848905723905,0.23861032169491694,0.5231570527374313
human,0.81,0.6014109848484849,0.23850681155512532,0.5551164374059316
mistral,0.156,0.17411957070707074,0.04102618009790606,0.1287556823122001
human,0.783,0.5515516835016836,0.2412528425581516,0.527896526168119
human,0.798,0.45864179292929297,0.22509374915215632,0.4903848419173641
llama,0.109,0.175777398989899,0.03914699665719315,0.11475505859311755
mistral,0.12,0.25718093434343436,0.05212229810434717,0.15450906316867788
human,0.448,0.48489768518518517,0.33184756713665814,0.4279133442150715
claude,0.053,0.24780458754208756,0.00953461808934137,0.11788222044363743
human,0.777,0.5251974747474748,0.2133859501292072,0.5071947749377521
gemini,0.426,0.201075,0.028940933666385865,0.21691228009991576
human,0.646,0.5288435185185185,0.33236740162919964,0.5050476278961673
human,0.784,0.6193723484848485,0.3382654989926361,0.5844285890917301
claude,0.256,0.31283897306397307,0.01702080968442631,0.20704183213091712
human,0.691,0.41680218855218854,0.24437253508188703,0.44733263594544154
human,0.88,0.5320747053872054,0.2747096301224412,0.5592427711916146
mistral,0.39,0.313975,0.07046696160461427,0.2637300884813843
gpt4,0.074,0.19742744107744106,0.016646396953289466,0.10616489551696327
gemini,0.238,0.27046637205387203,0.03281415886371363,0.1894307964806629
human,0.438,0.43661973905723905,0.19529040472079356,0.36463501703913365
human,0.414,0.5443446127946128,0.49054413370055094,0.4891010852280103
human,0.728,0.508719276094276,0.28710000299780775,0.5080177113370528
gpt4,0.406,0.32767786195286197,0.04314916131722668,0.2658158931763128
human,0.802,0.607354797979798,0.20055408840685776,0.5437081457139765
gpt4,0.211,0.2064875,0.09560639306786269,0.1745769179203588
human,0.733,0.4750724747474747,0.3990519028877765,0.5296445607653228
human,0.792,0.4554962962962963,0.2792371818095036,0.5035696730613697
human,0.744,0.4870433922558922,0.20371901800861827,0.47913306230494235
gemini,0.386,0.16684713804713808,0.036949483405710574,0.1936237002405684
llama,0.082,0.24994511784511786,0.02362786557763066,0.13166640681133635
human,0.613,0.3862050505050505,0.2922503918670648,0.4260571377621396
gemini,0.333,0.2449099326599327,0.020502533658347054,0.2040147331614772
human,0.725,0.3996760521885522,0.24731168206322862,0.45156392549438945
human,0.727,0.4760587121212122,0.2530247324665929,0.4844309045884628
gpt4,0.099,0.3070317760942761,0.010467210305424692,0.15565287352933785
human,0.809,0.517208164983165,0.3112103643676217,0.5429463753035525
human,0.644,0.5374883417508418,0.4584400128202337,0.5457273405464069
mistral,0.396,0.21947752525252529,0.08727758368321714,0.23277428520597526
mistral,0.385,0.3493434343434343,0.05642129369639744,0.27216376184629293
human,0.671,0.4963284090909091,0.222065401965825,0.4664509842261111
gpt4,0.167,0.19325660774410777,0.048000655816500676,0.14180283984259334
human,0.769,0.45452007575757575,0.3092156239710736,0.5052727174943523
claude,0.325,0.20226279461279462,0.0266036769368099,0.18638622092616083
human,0.729,0.5877134680134681,0.31541636458868905,0.5484102965819939
human,0.777,0.5219183922558923,0.29959268300443975,0.5317451618036888
human,0.728,0.5264092171717172,0.26871400775075654,0.5095778891939138
human,0.513,0.4307350589225589,0.32516000408639717,0.4237420247949428
mistral,0.417,0.17460778619528622,0.024508724834743756,0.2022957319285376
human,0.94,0.5465394781144781,0.2706710428435295,0.5818171040988501
human,0.821,0.5557535353535353,0.32535773714082833,0.5662087352836626
mistral,0.174,0.24139936868686868,0.07449025632093627,0.17110682437102834
gpt4,0.239,0.22459356060606062,0.05978760207200433,0.17947370486402553
human,0.754,0.47304427609427613,0.42893035160600435,0.5440968159195118
human,0.864,0.5072469696969697,0.31377624554725064,0.5562316615429631
human,0.739,0.5409759259259259,0.3407496567258915,0.5403152673881378
human,0.975,0.5425753787878788,0.3448118304044696,0.6129737006364924
human,0.616,0.5347940235690235,0.21739022164517677,0.4639346759211624
human,0.866,0.551988468013468,0.38990635419684716,0.5975672934644414
human,0.913,0.5540680134680135,0.1844654289544685,0.550866834073546
mistral,0.199,0.2188223484848485,0.03623549979651752,0.15809958933289467
human,0.704,0.5991545033670034,0.2969617446236244,0.5399503247338886
human,0.952,0.41636351010101014,0.28428231996824666,0.537430100030878
human,0.769,0.36774755892255895,0.23710849436361903,0.4489315718781093
llama,0.367,0.3462973063973064,0.05953318234877399,0.26647887726355474
gpt4,0.127,0.2619,0.07821859782985516,0.16632557934895656
gpt4,0.156,0.17824587542087542,0.032616004500061135,0.1278831515183685
human,0.931,0.49283859427609433,0.34777662322078434,0.580768424676673
human,0.498,0.5451650673400673,0.280760237329238,0.4516940981347983
gemini,0.212,0.2204158249158249,0.03245828922313236,0.16150381673326963
mistral,0.427,0.31877617845117845,0.05762454677836153,0.27289783541397983
claude,0.159,0.3084172558922559,0.02766422224473835,0.17936616903032387
human,0.515,0.5560799663299664,0.3224155579606869,0.4736566539201926
gpt4,0.414,0.14650968013468016,0.08000632942725125,0.20680577088204743
human,0.639,0.338723063973064,0.2017892756191143,0.38772600827495984
human,0.782,0.5343169612794613,0.3948628146986366,0.5667856289213755
human,0.751,0.5526430555555556,0.2434908163248217,0.5194044671196687
gemini,0.379,0.26800909090909086,0.03168181631142366,0.23040818125706344
human,0.582,0.4221734006734007,0.2712137734779426,0.42483349231274303
human,0.588,0.3697090909090909,0.39773831412670846,0.44360513060164886
gpt4,0.178,0.22171081649831653,0.0418972830483183,0.15465351151382212
gpt4,0.169,0.21660092592592592,0.0655576176974492,0.15700765567960512
human,0.758,0.3196107744107744,0.42008977237595524,0.4812712414770963
human,0.753,0.47209924242424245,0.2528657312808678,0.4905994163539573
gemini,0.225,0.2861550505050505,0.05859321792890004,0.19953998558069025
gemini,0.223,0.24776409932659932,0.04544082872636715,0.1796378883485499
human,0.704,0.5165805555555556,0.3865470670973015,0.5337963423514127
human,0.924,0.4030213383838384,0.20224802172322026,0.4990829418705015
human,0.471,0.43646014309764314,0.346877807070137,0.4199473993600983
human,0.671,0.5182103535353535,0.22381493963353055,0.4757286233042006
human,0.913,0.535750968013468,0.32948539097944574,0.5870460044992208
gpt4,0.238,0.18284339225589227,0.03475508532028813,0.15496388249844337
gpt4,0.383,0.17972449494949494,0.03092735492871414,0.19606800445841224
human,0.626,0.5613938973063973,0.28608898139014544,0.4981842533396026
human,0.722,0.45441519360269356,0.2640899367864506,0.4775930584770126
gpt4,0.367,0.14933522727272727,0.07789706591660066,0.1932032106840711
human,0.736,0.33356847643097637,0.2710988204212673,0.43555703669877077
human,0.467,0.5528468434343434,0.2090079154015304,0.4239411119941965
human,0.586,0.49839406565656563,0.25347998089106905,0.451201620529947
human,0.569,0.3318987794612795,0.27916041126907754,0.38720763516523504
human,0.63,0.48597184343434346,0.30337276892763904,0.4744005680520291
human,0.736,0.488705303030303,0.27394876988559763,0.4984667521778005
human,0.633,0.4834004208754209,0.2496262951199374,0.45814805688614957
llama,0.261,0.20108333333333334,0.06031549658936566,0.17682798231014304
human,0.811,0.5411234006734007,0.2376372075253348,0.5310405225269608
mistral,0.129,0.18686228956228954,0.06430031723170039,0.13273501099442592
gpt4,0.268,0.15752411616161616,0.030166968261757188,0.1524597369431736
gpt4,0.218,0.22364587542087544,0.04353954782508211,0.16792021451587483
gemini,0.293,0.2909244107744108,0.02276190727562916,0.21109833649245305
human,0.641,0.4801847643097643,0.37216629609129415,0.496023794551294
human,0.966,0.5460223484848485,0.22172097665729365,0.5747252323911275
human,0.825,0.5046883417508417,0.3363824843284995,0.5502900819988865
claude,0.223,0.1803632154882155,0.0345027921145933,0.1493961238296642
human,0.883,0.5452363636363636,0.2850540912036952,0.568510772815654
human,0.926,0.3372919191919192,0.3333135084231699,0.5127108202037186
human,0.648,0.3717842592592593,0.36786384003262423,0.45347285571349094
llama,0.278,0.42003051346801346,0.059375678450786555,0.2692249089224414
human,0.737,0.4284851851851852,0.3845094147910829,0.507846898511399
human,0.624,0.6289427188552188,0.275431161349047,0.5214064359468017
human,0.753,0.5062708333333333,0.2650928073715925,0.5079361755448111
human,0.838,0.6414425925925926,0.3344556946623949,0.6083137454357554
claude,0.224,0.17090820707070709,0.02959511848039618,0.1444418183724017
human,0.93,0.3390415824915825,0.27206999486688227,0.49623763145669775
gpt4,0.128,0.2470186868686869,0.03150853730428419,0.14666003593876
gpt4,0.424,0.24185450336700337,0.047442783037432414,0.23817463625803106
human,0.875,0.30639877946127947,0.22842391767417008,0.45358668708676286
mistral,0.057,0.21159856902356905,0.07283753357460941,0.12359068768181045
human,0.557,0.5289515572390573,0.24984914656265333,0.4536353668644189
human,0.602,0.39483265993266,0.2963317307148013,0.4274325831875044
human,0.88,0.5582295033670034,0.2817695608462862,0.5718226696006873
human,0.774,0.6119988215488216,0.36297937154896226,0.5858933400842173
claude,0.118,0.23506056397306396,0.03242828711294367,0.1391527117231087
claude,0.108,0.17111771885521887,0.06411272084548228,0.12008090379573222
human,0.738,0.44384873737373737,0.20337732165137337,0.4599526914449069
human,0.752,0.4012137626262626,0.2982971056333664,0.47557463674051503
human,0.854,0.5846597643097643,0.2570493070374793,0.5671786978351495
human,0.607,0.3846149410774411,0.27558200806226063,0.41862057884965465
gpt4,0.531,0.19092049663299665,0.05559826626226965,0.25234767853187956
human,0.97,0.5042205387205387,0.2992198103091091,0.5824541585809482
gpt4,0.088,0.290792297979798,0.068174470225405,0.1631692602595407
llama,0.153,0.21192878787878788,0.08906322320437178,0.1573904821128267
human,0.511,0.48577104377104374,0.3202311216657763,0.4436777540081504
gpt4,0.283,0.2536767255892256,0.05532415661117093,0.20296793721904152
gpt4,0.118,0.23490404040404042,0.07005343570539757,0.15037764687323546
human,0.321,0.39493720538720545,0.1864585843648416,0.3102124574643347
gpt4,0.425,0.18823021885521884,0.09219882988362141,0.230451736507174
llama,0.037,0.17310138888888893,0.05864367566399767,0.09793365825475486
claude,0.116,0.16825332491582493,0.01577501406792463,0.10683383418670736
human,0.773,0.3793511784511785,0.22407381204750268,0.45086261499472224
human,0.751,0.41968329124579123,0.3947511718413741,0.5115986680507287
human,0.821,0.41854318181818184,0.24406885236717954,0.48693792843742656
gpt4,0.149,0.2446742424242424,0.07945642738355023,0.166406625184762
llama,0.055,0.20443160774410774,0.06817215822060851,0.11872429056382565
gemini,0.161,0.190811531986532,0.03339526559069374,0.13464319247182094
gpt4,0.235,0.19765058922558923,0.05005933702393055,0.16457803679741484
mistral,0.144,0.29574848484848487,0.052399909898292255,0.17721936690888163
human,0.556,0.48092356902356903,0.4164516325240369,0.48410491736663863
human,0.875,0.3052882575757576,0.29401974650939616,0.4728212269831219
human,0.78,0.49877967171717175,0.22543922844969794,0.5011436372217781
human,0.859,0.4701827861952862,0.17604736182869624,0.4985873230267233
gpt4,0.223,0.17099650673400674,0.029152810980685076,0.14404444598780822
human,0.704,0.5624391414141414,0.2529703041686275,0.5120667478162448
human,0.834,0.2783854797979798,0.2743531263366622,0.4438601298201906
mistral,0.162,0.1906200336700337,0.009410808118532314,0.12767125590357317
human,0.761,0.4587472643097643,0.24789149027052282,0.4861663528050626
gemini,0.137,0.25174448653198656,0.03792341450302544,0.15317481896370225
claude,0.007,0.20563556397306398,0.04403830568595368,0.0975657172950117
human,0.759,0.5330913299663299,0.32523984887866914,0.5385084866501326
mistral,0.349,0.2775330387205387,0.06619817355632111,0.2355726675551118
human,0.462,0.4640764309764309,0.3535501602571081,0.43029562046770486
gpt4,0.285,0.14976292087542087,0.028638765045561655,0.15399679786383683
human,0.818,0.5184553872053872,0.2990269879317304,0.542490251261674
human,0.605,0.36909852693602696,0.3312952327739101,0.4285279806065838
human,0.554,0.6651055134680134,0.257007957010767,0.5093445924904355
human,0.601,0.5409143097643098,0.32115724172378973,0.49301289642286084
gemini,0.608,0.3236686868686869,0.053207834284872135,0.32782982503293634
mistral,0.191,0.17554768518518515,0.024867509927098,0.13497932705220347
human,0.893,0.5607827441077441,0.28049526322929214,0.5763616766118853
human,0.536,0.587586952861953,0.33263266090607485,0.49562457941660365
mistral,0.386,0.2352875420875421,0.0649213647896594,0.22939142627191467
claude,0.459,0.25669440235690233,0.026343467952765272,0.2482808013285905
human,0.834,0.41636123737373737,0.2794814634661022,0.5005889339893256
human,0.482,0.5022230218855219,0.33074705630351886,0.4447133256452644
human,0.828,0.36621085858585856,0.31937422327471143,0.49069661041675683
human,0.667,0.48426738215488213,0.2886117373970655,0.48039047408107255
human,0.557,0.42251443602693606,0.2187176577826606,0.4017210717455726
llama,0.299,0.3298981060606061,0.03248395415028898,0.23140442866932914
human,0.858,0.5296671717171717,0.2935682823147765,0.5573373533813015
human,0.62,0.5392008838383838,0.3745221883577875,0.5140370100426898
llama,0.096,0.17715408249158252,0.05749055321276229,0.11690879896046169
gemini,0.244,0.2387236952861953,0.04076050877319324,0.1809176307464361
human,0.311,0.4856918350168351,0.21830811190029192,0.3530691675768216
human,0.746,0.5569872053872054,0.43326935650130705,0.5765756891052742
human,0.89,0.2946119107744108,0.19025016848014498,0.4419198148538078
human,0.429,0.546666835016835,0.2663261606623983,0.4272645822054535
human,0.843,0.43080138888888886,0.27769823735603405,0.5085300267623657
llama,0.361,0.17279440235690238,0.07704432334957287,0.20053105794763282
human,0.859,0.44477403198653204,0.17787821975438073,0.488973078720927
human,0.673,0.4127797558922559,0.20056530624532115,0.4271814942304987
human,0.794,0.4221453282828283,0.4140456201107682,0.5312718173463618
human,0.856,0.4480576178451179,0.2778691588720874,0.5193837947996733
human,0.668,0.5169486111111111,0.3897866417937944,0.5241154369825828
human,0.689,0.45944347643097644,0.3659735662105198,0.5002694604355465
human,0.627,0.5071125,0.2247993594991149,0.45838480784973445
human,0.847,0.4838992424242425,0.3791112030420212,0.5613930578823033
gemini,0.15,0.3264653198653199,0.0780983998740586,0.19901564790834558
gpt4,0.066,0.2199726430976431,0.009427993997685492,0.1106174554383629
gemini,0.348,0.17337710437710435,0.0646588042515278,0.19314848302630008
human,0.794,0.2613736952861953,0.24392006903331587,0.41592549882447283
claude,0.261,0.1843385942760943,0.030788626459756527,0.16127202564836465
mistral,0.271,0.16995260942760942,0.09529683485931238,0.1778700942288375
human,0.572,0.44917184343434347,0.2804114156016634,0.43539216205423636
llama,0.126,0.27228329124579126,0.05383693375347302,0.16286439662435842
gpt4,0.41,0.20947916666666666,0.05915610956568633,0.22453849953637256
gemini,0.233,0.2727875420875421,0.07218699765367116,0.2006711161311182
human,0.924,0.5583896885521886,0.3387629428423572,0.6021847582735826
human,0.661,0.4156707491582492,0.27410334196947594,0.4467993022541425
human,0.863,0.4150236531986532,0.31966127502290226,0.5208078437863319
mistral,0.428,0.23210496632996636,0.06735801288889856,0.2414493903986561
human,0.883,0.5418896464646465,0.2809312799634234,0.5659352425748856
mistral,0.265,0.18972487373737373,0.0679241891767417,0.175767206247972
human,0.846,0.4190991582491582,0.2583337964053103,0.49893980222125633
human,0.885,0.3940815235690236,0.306115676156375,0.514967312274522
human,0.854,0.45802916666666665,0.2525373997534764,0.5151728865927095
human,0.543,0.3926228535353536,0.3336022648856228,0.42002982087982826
human,0.882,0.5720518939393939,0.20374291802251873,0.5545436329825132
mistral,0.163,0.20285037878787882,0.05056975255525429,0.1452110772817278
human,0.699,0.44530871212121215,0.39950290884487266,0.5076743575019467
human,0.727,0.42260382996632995,0.38152870761828367,0.501600144272017
claude,0.056,0.2173659511784512,0.038280791647337234,0.11523061796558165
llama,0.169,0.39562403198653195,0.03095922736110855,0.21823738100294537
mistral,0.079,0.2712656986531986,0.08916462944416625,0.1589556682945293
human,0.714,0.4698967592592593,0.3431964142953561,0.5051176279923105
human,0.862,0.41347192760942764,0.2962933770471761,0.5128767841579239
human,0.6,0.5037354377104377,0.2253095448942645,0.44908703855245447
llama,0.269,0.23596654040404041,0.04577724717511049,0.18881979031414933
human,0.564,0.3698885521885522,0.35796431150906965,0.4245447143281418
llama,0.072,0.1762404882154882,0.04947659428942746,0.10693917357302352
llama,0.059,0.3058436026936027,0.04760714067757155,0.15431958328071255
gemini,0.229,0.18272293771043774,0.04110887547039624,0.15412183772529398
human,0.854,0.5754053872053873,0.37893111300730364,0.6000414887843459
claude,0.345,0.2684594696969697,0.044437845530838065,0.2242151415380393
gemini,0.152,0.2927045033670034,0.04049897310011841,0.17483149327683686
mistral,0.336,0.19164276094276095,0.06816422262993152,0.19790637116608384
llama,0.154,0.3357402777777778,0.0678217358562928,0.20084263186799897
gpt4,0.162,0.17298493265993264,0.034900504351845496,0.1282641243695267
human,0.612,0.5061233585858586,0.3446641423841448,0.4894485861495868
human,0.83,0.45839276094276094,0.26494083850692424,0.5118393559291816
mistral,0.178,0.18336835016835018,0.052825596002699704,0.14259501886815
human,0.789,0.4957670033670033,0.3298183914081825,0.5339523187692561
claude,0.265,0.23268606902356906,0.01462098890811133,0.17696072428186105
mistral,0.463,0.2141230218855219,0.057620949074112846,0.2418354934764426
human,0.5,0.5464692760942762,0.3035065713704336,0.4596396818488406
gpt4,0.321,0.2326578282828283,0.05456991191636954,0.20573410488804217
human,0.685,0.24325858585858584,0.25280633562383714,0.3786453350305855
gemini,0.271,0.136496632996633,0.11036455072240468,0.1690080184153746
claude,0.299,0.13144107744107747,0.05336796808925763,0.15828682140320827
claude,0.308,0.37870037878787877,0.020945463797703245,0.2501637906544625
claude,0.037,0.24801919191919194,0.03349957710813713,0.12035754990011792
mistral,0.36,0.1708375841750842,0.04088285146783721,0.18859988911038483
human,0.674,0.497175,0.23636304139319347,0.4719789124179581
llama,0.045,0.16740096801346804,0.03141482388298166,0.08988483437028172
gemini,0.165,0.2002544191919192,0.028218695266980738,0.13806737625686188
human,0.607,0.5284444444444445,0.22514310628986958,0.4610207096647387
human,0.743,0.5532200757575758,0.27826066465919613,0.5276662297007891
human,0.786,0.34587213804713807,0.26631762591211233,0.4540441429924889
gemini,0.051,0.23536969696969695,0.05307298130305827,0.12536977317879625
gpt4,0.161,0.3179350589225589,0.03083180349118996,0.18472356461638056
human,0.531,0.5591929713804713,0.2495785362240686,0.4578507494194091
human,0.795,0.45400829124579123,0.3431880082582067,0.5230597189757785
human,0.809,0.4919736952861953,0.44257085213941316,0.572260733756302
claude,0.299,0.2159625,0.0245811632163965,0.18345934896491894
human,0.849,0.5791124158249158,0.3918459955233854,0.6038987649869819
human,0.601,0.4756924242424242,0.3009178224443689,0.46085231643028035
llama,0.238,0.2717026936026936,0.05804446907819923,0.1974944181645372
human,0.819,0.45052849326599326,0.2848497701820289,0.5113663283610059
human,0.876,0.49387950336700337,0.292242853326813,0.5480246573448452
human,0.507,0.43427739898989903,0.2981216921117462,0.41524746722948347
human,0.876,0.5186630892255892,0.3001204440439924,0.5603013689034334
mistral,0.21,0.1776565235690236,0.02978906939003824,0.14299933024462091
human,0.735,0.49375761784511785,0.22421890279399032,0.48526871797624427
gemini,0.498,0.20120361952861954,0.02209343433210016,0.23650947811107786
human,0.639,0.45306489898989905,0.2646247761943919,0.4523133924542772
human,0.796,0.5098987373737374,0.30142216121841625,0.5331861433150198
claude,0.25,0.19978733164983165,0.021940464065663717,0.16149707187963178
llama,0.313,0.17027920875420877,0.02481783775998446,0.16945703482967883
claude,0.346,0.23527849326599326,0.0553451995133168,0.21451495716039232
mistral,0.21,0.290448063973064,0.0707712065087598,0.20041058754185354
human,0.838,0.6302658670033671,0.24065213954711331,0.5757019886654807
human,0.641,0.5919686868686869,0.23548901652646193,0.49973417970541334
llama,0.137,0.2567123737373737,0.04530963102680777,0.15737783880299183
human,0.804,0.5439026936026936,0.23122156407688454,0.5281275466641427
human,0.708,0.4652,0.32195043393685846,0.4950651301810575
human,0.659,0.6192203282828284,0.2611952063295612,0.5237466932119997
human,0.818,0.4328938973063973,0.36991757260472646,0.5295328307039768
mistral,0.173,0.2484276094276095,0.07033030682311092,0.17237013581797708
mistral,0.139,0.2533578703703704,0.01600150954692909,0.1478436010122269
human,0.863,0.5869264309764309,0.29999076963270993,0.5836678032803853
claude,0.201,0.1970044191919192,0.03257192481866613,0.14887334512236752
human,0.557,0.4367718013468014,0.4082648348358658,0.4642881709894803
llama,0.118,0.296175,0.020574610879529998,0.160042383263859
human,0.542,0.5756500841750842,0.264857444243288,0.4723172669430201
human,0.642,0.5323632996632996,0.3305703815087179,0.5047164343179352
claude,0.221,0.19938421717171717,0.011859457036725658,0.14961152397970456
mistral,0.12,0.3607684764309764,0.04625334429738253,0.19418339386160535
human,0.96,0.582825968013468,0.3047666586920515,0.6125603848130026
human,0.691,0.45221409932659934,0.2704656233932839,0.4693253267486249
human,0.944,0.761083627946128,0.23282943265232298,0.657482280974148
human,0.629,0.49748425925925926,0.1515331137257726,0.4331536378214355
human,0.706,0.5452751683501683,0.42416747802305466,0.5571603107469837
gpt4,0.134,0.2010281565656566,0.02883927653185464,0.12926304558581903
gemini,0.225,0.24924776936026938,0.03470368903689983,0.17761021445517772
human,0.625,0.42568792087542084,0.2332158008919734,0.42773990861776034
claude,0.077,0.25382201178451175,0.007103539531705585,0.1267598665733164
human,0.912,0.546889898989899,0.3463033025625395,0.5962469503647214
human,0.889,0.4963777356902357,0.35301967752632296,0.5711569975339912
llama,0.308,0.23750387205387208,0.042102666432759506,0.20003234875137668
human,0.857,0.5825358585858587,0.17379114490297315,0.5422516869052354
human,0.937,0.5609221380471381,0.27885409199082906,0.589125082816104
human,0.588,0.6212909090909091,0.3042211681904127,0.5161827140934875
gpt4,0.38,0.1937176346801347,0.07876748340738533,0.2151172988942695
human,0.665,0.4130493265993266,0.35919290574657975,0.47247760236370456
mistral,0.491,0.19379978956228955,0.04442424125318413,0.23814718820087105
human,0.935,0.4138923400673401,0.28175408529181734,0.5305831616144813
gpt4,0.17,0.23984208754208758,0.016874705997122773,0.15199924681597185
human,0.812,0.4394069865319865,0.2504287187888857,0.4944914102494603
human,0.685,0.4882154461279462,0.3602366821469663,0.5088571830952684
human,0.791,0.5073159932659933,0.2145768955104898,0.5045994659595443
human,0.801,0.4743787457912458,0.32956327609306935,0.5289204811444191
human,0.639,0.5146680134680134,0.3515633142606887,0.503036199665412
claude,0.226,0.15517352693602693,0.07277144634175342,0.1517008446769368
llama,0.275,0.21981734006734005,0.0480408180498172,0.1848391814418812
human,0.769,0.6277547558922559,0.25762934903190904,0.559090707066475
human,0.798,0.5162598063973064,0.3476075626818154,0.5501861913634672
llama,0.222,0.16153085016835017,0.0524156941013527,0.14693704829774587
human,0.702,0.5521893097643098,0.2945839095934872,0.5198508967837701
human,0.903,0.4902092171717172,0.23732314837641075,0.5381806313816101
human,0.541,0.47299111952861955,0.4315030754157993,0.4809473704361876
gemini,0.221,0.2153787037037037,0.04350179582082153,0.16550202022772795
human,0.782,0.30795867003367006,0.35727094512169594,0.46496475154997685
human,0.724,0.43387100168350173,0.3577464770567222,0.4980723437904173
mistral,0.404,0.32238021885521884,0.031678460885307895,0.25965562580767987
llama,0.161,0.22560488215488217,0.048397012709699996,0.15306105667486286
gpt4,0.155,0.20805749158249162,0.036884633053258814,0.14078838654897427
human,0.846,0.5469610269360269,0.28913355998043894,0.5593244787685424
gemini,0.266,0.22441510942760945,0.03407602497391573,0.1797888512632185
human,0.85,0.44168451178451174,0.2942440436993282,0.5199470178236032
human,0.902,0.5824685606060607,0.319477350130547,0.5994306292815884
human,0.82,0.5834275673400673,0.34701084188992526,0.5834742795030045
human,0.779,0.4782793771043771,0.3068934401267453,0.5170797828797744
llama,0.165,0.1998338804713805,0.0528257945697811,0.14528129055948655
human,0.742,0.4148733164983165,0.334769486236043,0.48898017247013953
human,0.809,0.5465917929292929,0.2554892635106506,0.5379834962249124
llama,0.118,0.41694377104377106,0.06572972910871325,0.2218964271501224
human,0.733,0.32094545454545453,0.32544780971624654,0.44591252473305576
human,0.948,0.5972828282828283,0.2224869543696816,0.5900592176240358
gemini,0.224,0.3250953703703704,0.037205071302606085,0.20839966953893
human,0.8,0.5518024410774411,0.34327788312066765,0.5637043413671767
human,0.815,0.5851079545454545,0.23502013957390935,0.5490492236903546
gpt4,0.35,0.2651875,0.020802554165696704,0.21731576624970902
claude,0.174,0.22636207912457915,0.03223126489902078,0.15241421111953787
gemini,0.541,0.2685037457912458,0.04158437797163974,0.28217681170799025
human,0.56,0.5684941498316498,0.3769820278578403,0.508492268290012
human,0.588,0.5781709595959597,0.20438015459644315,0.46898243021731684
gpt4,0.193,0.18282121212121213,0.02242009078835645,0.1377545120849918
claude,0.045,0.15231919191919188,0.03466425121796408,0.08482695213306597
human,0.765,0.38339911616161615,0.3065370025439497,0.47482074722783135
gpt4,0.183,0.17473459595959595,0.06951828109220687,0.14564932271150044
llama,0.309,0.19595416666666665,0.04282747064576798,0.18392990786039706
gemini,0.237,0.19926140572390572,0.033996471982220826,0.16100350388422854
human,0.83,0.5222384680134681,0.3287483202228091,0.55651988327223
human,0.817,0.4594420875420875,0.39165454977616926,0.5463731999496858
claude,0.091,0.2435399831649832,0.03205392951467335,0.13433217212039528
human,0.365,0.5784027777777778,0.2716333553005093,0.4223511177012639
human,0.781,0.4523388888888889,0.36959200376651935,0.5261131566855114
human,0.484,0.5863393518518519,0.23888741044677383,0.45140196387477294
gpt4,0.277,0.22314335016835019,0.0194536015394329,0.17819342052916998
human,0.727,0.6411753787878789,0.2354176513516094,0.5451954469206344
human,0.665,0.3351397306397307,0.2918392521390782,0.4211076678976158
llama,0.102,0.18434175084175083,0.0400496082250466,0.11635158280421432
llama,0.324,0.23083750000000003,0.0392992287260322,0.20132476861780968
claude,0.179,0.21895387205387204,0.043072877535366594,0.1542034120821588
gpt4,0.406,0.20340723905723906,0.06728407999122428,0.2233481196202629
human,0.865,0.42203274410774405,0.24518210169769708,0.5018677281524068
human,0.752,0.5835430976430976,0.1406606486820532,0.5012154336618551
llama,0.278,0.30829175084175087,0.06050850822219952,0.22486925280336023
human,0.684,0.5578660353535354,0.45217030929337143,0.5639975069294256
gemini,0.218,0.25798535353535357,0.057707167121920346,0.18590629155071753
human,0.76,0.4511593434343434,0.3678420490267174,0.5188163520817526
human,0.85,0.4717132575757576,0.43014890264326255,0.5727299738232818
human,0.701,0.4162210016835017,0.30836580452618734,0.46929814203125686
human,0.793,0.6024741582491583,0.3836602067315019,0.5939877253191139
human,0.733,0.5248449915824915,0.3724823090991002,0.5415826893627267
human,0.597,0.5909734427609428,0.2648252666625356,0.4949369571031378
llama,0.237,0.19334170875420875,0.0611932669656659,0.16679466359138326
human,0.619,0.47130736531986533,0.2739540184356803,0.45640915165865026
human,0.759,0.599236026936027,0.23611151648040624,0.5382278657185326
human,0.662,0.4532607744107744,0.4121862476825606,0.503560184069078
human,0.903,0.3096992845117845,0.3114685062543648,0.4882202656810232
llama,0.262,0.39096250000000005,0.051951408751923875,0.25057042262557716
human,0.875,0.46630980639730635,0.2687784935932327,0.5296574706368924
human,0.848,0.3883468434343434,0.3073404991852327,0.5019408871293072
human,0.622,0.655151515151515,0.4046541297146388,0.5700568449749976
gpt4,0.192,0.17741553030303028,0.018733176235925797,0.13418616499198985
human,0.763,0.5874817760942761,0.2282819459373006,0.5323772942189006
gpt4,0.075,0.2598078703703704,0.030575510674037815,0.1355958013503595
llama,0.164,0.2695758417508418,0.05984137840540074,0.17498275022195695
claude,0.064,0.2155929292929293,0.0426867055265172,0.11824318337512688
human,0.726,0.6037065235690235,0.29580340060257615,0.5480236296083822
human,0.691,0.5465597222222223,0.2033466370458698,0.4869278800026498
human,0.892,0.5116824494949496,0.28859246289166196,0.5588507186654784
gemini,0.273,0.2538920875420876,0.03321545513085682,0.1934214715560921
human,0.433,0.5624450336700337,0.2712735364501602,0.4362600744030616
gpt4,0.13,0.25610433501683505,0.04457818172074164,0.1548151885229565
human,0.717,0.45858308080808086,0.21190112076140966,0.46210356855165524
gemini,0.092,0.2663732323232323,0.03381699559372504,0.14429439160741042
human,0.852,0.4880952441077442,0.22591276157547358,0.5186119261157398
human,0.729,0.3668484006734007,0.27011158353751363,0.4464728353306143
human,0.618,0.47305496632996635,0.24232193579667158,0.447318567270988
human,0.754,0.5209193602693603,0.20077383023531956,0.49479989317834
human,0.775,0.5905704545454545,0.22068354600462567,0.5349332456195696
llama,0.08,0.2969995370370371,0.0382867113546574,0.15428582822121203
human,0.776,0.4734269360269361,0.4138385194179229,0.5463223302361513
gemini,0.105,0.1790375,0.05776166942721775,0.12044350082816532
gemini,0.19,0.16919238215488214,0.028793523470824967,0.13331500990320033
llama,0.228,0.3092378367003367,0.05679820633960975,0.20913459658201763
human,0.737,0.5591332070707071,0.3900856376035625,0.5617789741093516
human,0.788,0.523438973063973,0.28447876883050327,0.5311192198747402
gpt4,0.15,0.1245317760942761,0.026123316923545855,0.1026497055147742
human,0.535,0.47212786195286194,0.3611548979991727,0.4576976141808966
mistral,0.408,0.22921443602693606,0.03936044123040749,0.22589390677989668
human,0.826,0.5993606902356903,0.45425159257280573,0.6238197538661178
claude,0.187,0.1735381734006734,0.03804792328124294,0.13692964634464225
human,0.914,0.48893905723905723,0.3172189854430475,0.5649413185285371
gpt4,0.212,0.15679225589225587,0.049205871139485144,0.14107866369874789
human,0.908,0.2767311447811448,0.26487767527545497,0.4625557604950944
human,0.806,0.514231228956229,0.2581363713630647,0.524933402991411
human,0.84,0.5100867845117846,0.24275336011542395,0.5288607218393411
human,0.807,0.4362083754208754,0.3661349821303862,0.5264238448074661
human,0.71,0.6048532407407408,0.38346453085146115,0.5699806555517346
human,0.602,0.5731269781144781,0.47952429523047113,0.5537080798149326
gpt4,0.178,0.3504159511784512,0.06329516722408027,0.2125549306386046
human,0.914,0.5954118265993266,0.32005283518086497,0.6083805811939902
human,0.628,0.3928915824915825,0.21713142248489795,0.4106960597421023
mistral,0.316,0.22351910774410777,0.03300600115055526,0.19410944344280967
gpt4,0.448,0.1760744107744108,0.04691461735245008,0.21890414951549933
human,0.88,0.48891632996632994,0.31041750545550767,0.5526917836231843
mistral,0.268,0.27164520202020204,0.07598904923438671,0.21185479557839682
human,0.667,0.4602217171717172,0.31652678987544863,0.4791467238313215
claude,0.369,0.16534852693602692,0.043594929534770385,0.18991788963484188
human,0.796,0.4479317760942761,0.23880381007966797,0.48961385346161085
gemini,0.224,0.23377680976430976,0.01981151315602166,0.1666541778525304
human,0.683,0.5749721801346801,0.31471833538769695,0.5293043726701812
human,0.925,0.4494837962962963,0.2542731844673365,0.5335754738587195
llama,0.339,0.3076285774410775,0.026088246851883178,0.23257790503199596
human,0.712,0.3721767676767677,0.32278424225803587,0.4593059797481178
gpt4,0.319,0.18636418350168352,0.0705797921966562,0.19141961105967026
human,0.643,0.35902032828282826,0.3105952487091842,0.42968670592588654
human,0.715,0.4581149410774411,0.46612542424003905,0.5375836037029882
human,0.843,0.4631158249158249,0.3782763389649692,0.5516292316558207
human,0.755,0.4763118265993266,0.2699609772518309,0.4980130238152799
mistral,0.144,0.19014242424242428,0.011041667325402817,0.12256946989459057
human,0.497,0.3407080808080808,0.35595908539230253,0.39217095794092305
claude,0.125,0.1848216750841751,0.03143514423809628,0.12085921330509893
human,0.624,0.5173469276094276,0.36099486549221826,0.5024372306914365
gpt4,0.096,0.24731792929292934,0.02054965339313318,0.1338920677351117
human,0.734,0.3783094696969697,0.22966344562830868,0.44042282156728046
gpt4,0.113,0.14746435185185186,0.03326993384725919,0.1028667208949185
human,0.816,0.5490829545454545,0.5043519933244347,0.6157387798155122
claude,0.048,0.2940833754208755,0.041168579449441724,0.1443839240031827
llama,0.168,0.24999894781144782,0.06505309562169342,0.16991550781108716
human,0.777,0.5335476851851852,0.44344247823239874,0.5795518175437937
human,0.813,0.5281978535353535,0.28123275612415277,0.5395489682513872
human,0.609,0.4703051767676768,0.33999518428143893,0.47282062599150243
human,0.962,0.3705614898989899,0.20041188360299647,0.4969481610404949
gemini,0.196,0.20049377104377106,0.06400711440069803,0.15819964273771786
llama,0.16,0.23929469696969696,0.03909546501189912,0.1554465182914485
llama,0.153,0.2373300084175084,0.06936598230121101,0.16164179805736667
gpt4,0.154,0.2686545454545455,0.09950748936950576,0.18351406499266992
llama,0.271,0.16126771885521884,0.04285709452138074,0.15866421589850177
