response_latency_ms,avg_pause_duration_ms,backspace_count,edit_intensity,cursor_corrections,first_keystroke_delay_ms,cognitive_bias_score,embodied_score,moral_reasoning_speed,response_entropy,humanity_score,agent_type
4844.4,523.4,8,0.2221,9,455.8,2.137,0.842,15203.8,3.278,1,human
1847.7,626.0,4,0.23,4,1527.0,2.39,0.48,9747.2,3.503,1,human
2208.0,244.5,4,0.3213,5,1315.2,3.036,0.716,5440.1,4.365,1,human
7214.8,401.4,10,0.4438,7,1278.8,3.527,0.862,5862.8,4.21,1,human
745.1,95.7,1,0.0744,2,80.2,0.152,0.363,396.2,4.437,0,mistral
367.3,50.3,0,0.0479,0,212.1,1.927,0.478,599.7,4.422,0,gemini
244.0,99.5,1,0.082,1,92.3,0.322,0.232,494.1,3.94,0,claude
2622.7,493.9,5,0.5181,7,1462.5,3.369,0.775,10995.2,3.02,1,human
3260.6,319.5,3,0.2202,5,1103.1,1.795,0.391,2322.1,4.015,1,human
4229.4,441.5,2,0.2295,7,2701.9,3.25,0.698,4586.6,3.688,1,human
11275.3,703.0,14,0.4779,12,510.2,2.863,0.886,14279.5,4.403,1,human
541.6,101.2,2,0.1498,1,115.4,0.179,0.581,566.7,4.129,0,gemini
5353.2,655.7,9,0.1391,8,2750.8,3.124,0.797,7712.1,4.792,1,human
463.0,55.9,2,0.0064,2,119.9,1.055,0.153,432.6,4.203,0,llama
2287.3,1989.8,4,0.1903,12,1015.2,2.292,0.749,3859.2,2.469,1,human
2767.7,1927.3,2,0.2922,10,924.5,3.628,0.724,3281.4,3.17,1,human
237.1,139.1,1,0.0176,1,117.8,0.111,0.397,617.5,4.074,0,gpt4
3292.5,555.0,2,0.2897,13,895.1,2.866,0.746,6107.0,4.54,1,human
229.9,88.3,0,0.0833,1,143.0,0.469,0.292,951.9,4.39,0,claude
5497.6,1097.1,7,0.2867,6,435.4,2.412,0.387,5475.4,3.29,1,human
234.3,63.3,0,0.1575,1,127.3,0.97,0.05,425.2,4.233,0,llama
11455.1,206.5,4,0.2565,10,1587.7,1.941,0.895,17679.9,3.651,1,human
903.5,84.0,1,0.4737,2,142.7,0.811,0.23,574.5,4.305,0,llama
352.8,77.3,0,0.1755,1,118.4,0.363,0.147,600.4,4.288,0,llama
2156.2,502.1,13,0.2664,9,331.1,2.965,0.542,4189.5,4.313,1,human
4573.4,190.4,3,0.2346,8,1677.7,3.213,0.474,4360.5,4.302,1,human
204.7,64.0,1,0.1732,1,66.6,1.21,0.187,536.8,4.73,0,gpt4
255.3,63.6,1,0.1874,1,143.5,2.341,0.218,487.1,4.236,0,mistral
1666.5,453.9,2,0.5241,12,629.2,2.605,0.861,11397.0,3.866,1,human
3461.5,207.3,2,0.3083,2,764.9,3.456,0.673,4394.8,3.74,1,human
4478.5,658.6,4,0.4566,11,3045.0,1.695,0.713,7913.0,4.9,1,human
261.8,83.3,0,0.2728,2,171.4,1.46,0.362,577.5,4.301,0,claude
13788.9,1309.7,8,0.229,8,1756.7,2.997,0.616,6819.7,4.236,1,human
2437.5,238.9,7,0.1346,11,1310.3,2.69,0.886,3852.1,3.705,1,human
5581.3,441.8,14,0.3931,10,1975.8,3.271,0.957,5151.4,4.008,1,human
4935.1,1256.6,15,0.2628,7,4115.0,2.544,0.554,9232.8,3.363,1,human
630.4,53.2,2,0.0209,0,84.7,1.582,0.154,431.9,4.299,0,llama
4390.9,591.6,18,0.3335,9,1141.2,3.228,0.658,5708.5,3.275,1,human
505.0,78.1,0,0.1054,3,187.1,0.408,0.3,713.3,4.615,0,gemini
2815.3,458.5,6,0.3985,4,1117.6,2.802,0.736,11559.2,4.268,1,human
199.3,47.8,0,0.1092,0,82.1,1.858,0.102,842.0,4.153,0,claude
3833.9,213.9,16,0.1889,8,493.6,2.48,0.713,8472.0,3.857,1,human
3516.8,773.5,7,0.0918,6,6306.2,3.46,0.618,4245.8,3.583,1,human
520.5,84.6,2,0.0324,1,154.3,0.478,0.066,328.6,4.267,0,llama
3559.3,341.1,6,0.3705,6,862.1,3.205,0.954,5626.1,4.4,1,human
2905.0,433.3,4,0.3322,8,1537.5,2.653,0.744,6916.8,3.499,1,human
13668.9,914.1,0,0.1824,7,1971.1,2.342,0.686,11056.7,3.934,1,human
774.1,65.6,3,0.0536,0,90.6,1.28,0.291,300.0,4.243,0,claude
5977.9,344.9,18,0.2185,10,1379.2,2.127,0.806,3992.4,3.57,1,human
332.5,54.1,1,0.1426,1,109.6,1.589,0.106,489.7,4.352,0,claude
635.9,54.7,0,0.0758,1,222.4,0.341,0.243,527.7,3.879,0,llama
133.6,52.1,1,0.0394,0,152.9,0.335,0.214,446.1,4.998,0,claude
7622.3,439.1,4,0.5257,6,819.9,2.537,0.892,5045.0,3.852,1,human
1921.3,233.1,6,0.2897,7,490.6,2.4,0.76,4708.6,3.889,1,human
3626.2,1224.6,6,0.2069,9,1361.2,2.604,0.81,7593.5,3.426,1,human
8501.7,497.7,3,0.3577,8,1697.0,2.662,0.81,9886.6,4.339,1,human
2212.5,501.7,5,0.0296,11,1039.0,3.294,0.845,4318.2,4.009,1,human
3179.5,692.0,18,0.1977,12,1587.3,1.786,0.765,7073.1,4.11,1,human
345.2,74.1,2,0.1798,1,156.6,0.737,0.185,307.9,4.441,0,llama
260.5,112.4,0,0.1596,0,114.1,0.217,0.191,776.1,4.252,0,gemini
713.5,79.4,1,0.0133,1,148.4,0.6,0.144,380.9,4.524,0,mistral
3072.1,261.8,7,0.197,7,609.4,3.247,0.737,11815.6,3.493,1,human
328.9,78.9,1,0.0541,1,83.9,0.567,0.131,568.4,4.205,0,claude
419.3,59.8,1,0.1136,1,112.6,0.62,0.266,317.1,4.29,0,llama
519.2,84.4,0,0.0608,1,158.3,0.204,0.235,300.0,4.464,0,gpt4
6682.1,951.0,11,0.2539,7,692.4,2.25,0.798,3406.8,3.315,1,human
6655.2,230.0,3,0.3756,5,1113.4,3.464,0.872,9048.8,4.351,1,human
319.5,47.9,0,0.087,0,209.1,0.323,0.254,400.9,4.391,0,gpt4
4202.9,1150.3,3,0.0804,10,660.6,3.112,0.656,4796.3,5.5,1,human
240.6,64.3,1,0.175,1,140.3,1.219,0.108,513.6,4.096,0,gpt4
334.9,92.5,0,0.1054,1,103.2,0.157,0.153,522.5,4.292,0,claude
755.7,80.7,1,0.1214,0,209.7,1.204,0.095,670.2,4.586,0,llama
4212.8,346.5,8,0.2342,11,2515.3,2.961,0.791,8566.1,4.36,1,human
6759.9,788.2,10,0.255,11,1705.0,2.571,0.743,5391.0,3.892,1,human
8617.6,302.0,3,0.4562,4,1506.7,3.441,0.83,5970.1,4.138,1,human
2615.9,242.5,5,0.2902,4,485.6,2.401,0.71,5970.6,3.879,1,human
274.2,94.3,0,0.0892,0,111.7,0.958,0.125,582.0,4.026,0,gpt4
6203.6,296.1,15,0.4409,12,769.3,3.158,0.686,6227.3,3.444,1,human
395.8,90.7,1,0.1138,1,179.9,0.617,0.231,308.0,4.39,0,claude
252.6,64.1,1,0.2209,1,139.5,0.386,0.308,501.4,3.871,0,gemini
289.7,67.6,4,0.0504,0,71.2,0.249,0.124,503.8,4.264,0,llama
8273.3,737.4,8,0.4691,8,2065.1,2.9,0.788,17479.5,3.116,1,human
4820.8,326.9,14,0.4952,8,1197.7,2.469,0.831,4920.4,3.605,1,human
5244.3,444.2,10,0.3481,7,610.7,3.064,0.584,6118.5,3.333,1,human
1973.6,799.1,3,0.4227,7,668.3,2.747,0.578,9248.5,2.87,1,human
349.0,64.8,0,0.2794,0,144.3,0.787,0.127,796.3,4.456,0,gpt4
530.9,82.4,1,0.0836,0,168.7,1.058,0.032,529.7,4.54,0,mistral
4748.7,947.1,4,0.144,10,487.8,2.432,0.929,9031.5,3.697,1,human
339.5,93.9,0,0.1628,0,157.9,1.44,0.145,472.8,4.47,0,gemini
170.9,60.6,0,0.2517,1,205.8,0.053,0.084,421.8,4.895,0,claude
498.1,55.5,0,0.0649,0,83.5,0.314,0.24,703.2,3.799,0,llama
2453.3,298.4,15,0.3154,9,1384.2,2.615,0.789,7331.1,3.061,1,human
4810.5,256.9,12,0.5579,10,3006.2,2.725,0.934,6564.5,3.632,1,human
5161.6,908.9,7,0.4486,7,582.2,3.134,0.654,4132.1,4.398,1,human
412.3,82.4,1,0.0013,0,186.1,0.748,0.341,557.7,4.514,0,gemini
4620.9,913.3,16,0.2715,7,415.5,2.472,0.635,9500.4,3.198,1,human
5459.9,521.3,5,0.3683,9,2116.7,2.0,0.823,11316.5,3.83,1,human
200.3,32.0,0,0.0165,0,93.8,0.328,0.13,682.6,4.277,0,gpt4
2889.1,231.5,5,0.4893,3,3109.7,1.586,0.675,9629.5,3.593,1,human
517.6,77.2,1,0.0855,0,44.6,0.294,0.435,493.9,4.457,0,gemini
230.9,93.6,1,0.0171,0,81.5,0.625,0.154,612.3,4.526,0,claude
2579.2,849.1,10,0.4655,10,745.9,1.947,0.879,9579.2,3.476,1,human
786.3,32.5,2,0.0712,0,162.1,1.307,0.152,482.0,3.989,0,mistral
329.0,62.2,0,0.1277,0,143.5,0.73,0.099,666.5,4.317,0,llama
3319.1,327.1,4,0.0481,14,460.6,3.469,0.878,9118.9,4.658,1,human
1802.2,422.9,4,0.3381,9,1065.3,2.554,0.873,8825.7,3.161,1,human
267.4,62.1,0,0.1491,0,121.8,1.518,0.217,439.6,3.499,0,llama
4170.5,491.0,14,0.1565,14,2544.6,3.368,0.786,7152.7,4.183,1,human
535.3,48.2,0,0.0082,0,55.5,0.484,0.306,307.7,4.256,0,llama
381.0,84.7,0,0.041,0,125.9,0.37,0.195,546.4,4.34,0,claude
1996.3,287.6,2,0.1754,5,1127.7,2.77,0.912,4350.0,3.665,1,human
25000.0,583.3,6,0.081,9,1656.2,3.234,0.749,5383.3,4.218,1,human
356.6,53.8,1,0.1399,3,141.6,0.233,0.077,463.6,4.261,0,mistral
6737.9,343.5,10,0.2329,7,1631.2,1.868,0.508,4189.4,4.391,1,human
2467.1,356.5,7,0.4404,5,1590.8,3.109,0.953,7347.7,3.916,1,human
4919.0,600.3,14,0.1706,4,693.4,1.418,0.742,5377.8,4.606,1,human
4337.9,565.0,6,0.2611,9,1252.0,3.003,0.857,6535.4,3.103,1,human
2644.9,509.4,3,0.3525,10,1262.9,2.732,0.786,3879.7,4.043,1,human
6359.5,1130.4,3,0.2255,9,3254.9,3.048,0.715,6360.1,3.992,1,human
2556.0,256.6,0,0.5316,16,3022.8,2.379,0.622,4379.8,3.036,1,human
434.4,76.5,0,0.0293,2,117.1,0.472,0.317,528.6,4.439,0,gpt4
3876.8,651.8,15,0.1573,11,1194.3,2.391,0.865,4076.0,3.673,1,human
376.9,41.9,1,0.2557,0,218.9,0.475,0.363,487.0,4.119,0,mistral
302.6,84.3,3,0.3549,1,78.9,0.625,0.436,649.4,4.309,0,mistral
173.7,79.2,0,0.0332,0,100.0,1.101,0.273,501.3,4.56,0,gpt4
4738.4,427.4,8,0.0667,7,645.9,1.776,0.825,7740.4,2.892,1,human
308.8,91.5,1,0.1177,1,83.2,0.078,0.191,523.4,4.495,0,claude
6540.6,429.4,1,0.1508,8,1841.9,2.921,0.746,7446.1,3.513,1,human
243.9,61.9,2,0.0365,0,100.8,0.868,0.166,950.1,4.166,0,claude
276.4,76.9,0,0.0602,1,136.0,0.716,0.315,443.0,4.111,0,gpt4
320.3,75.1,0,0.1942,2,152.9,0.032,0.181,450.9,4.711,0,claude
569.9,69.4,1,0.0186,1,58.2,0.325,0.366,545.6,4.012,0,llama
6830.9,246.4,8,0.1396,15,288.5,2.198,0.887,5491.9,4.316,1,human
1670.1,229.9,3,0.3864,5,637.1,2.517,0.646,8066.8,3.981,1,human
6072.9,973.6,14,0.2404,8,1435.1,2.718,0.926,9625.0,3.027,1,human
5556.3,283.6,8,0.2573,12,1413.8,3.071,0.812,4488.3,3.452,1,human
311.3,52.6,1,0.3226,1,89.6,0.506,0.127,453.0,3.631,0,gpt4
453.2,52.8,0,0.0927,0,203.7,0.902,0.322,318.7,3.986,0,llama
2309.3,1531.1,8,0.1357,4,792.2,2.946,0.884,11717.7,2.673,1,human
9675.9,560.4,3,0.1907,14,402.0,1.189,0.59,10173.6,2.932,1,human
219.6,44.0,0,0.1145,4,125.8,0.955,0.358,616.4,4.728,0,gpt4
4410.2,283.6,7,0.3203,9,510.4,3.099,0.77,11772.2,4.197,1,human
4810.3,402.0,7,0.3409,10,696.0,2.672,0.725,11517.7,4.209,1,human
469.8,75.7,1,0.257,1,90.1,0.507,0.26,725.3,3.884,0,gpt4
321.3,67.4,0,0.068,0,113.7,0.325,0.266,558.4,4.301,0,gemini
270.4,67.4,1,0.2345,1,77.2,0.794,0.085,509.7,4.515,0,mistral
2560.2,370.4,13,0.1936,12,1401.7,2.362,0.762,6987.9,3.118,1,human
259.2,73.6,1,0.0469,2,128.3,0.244,0.257,610.6,4.327,0,claude
1717.0,620.2,7,0.5895,6,994.5,2.896,0.752,5422.3,3.494,1,human
3729.8,213.7,17,0.2577,10,1106.4,3.024,0.502,12958.1,5.182,1,human
398.0,58.7,1,0.2679,0,153.2,1.118,0.259,381.8,4.601,0,llama
7622.3,166.1,7,0.0682,3,1349.5,1.128,0.733,3571.9,3.047,1,human
373.2,80.3,0,0.1098,2,223.3,1.481,0.089,427.9,4.66,0,claude
297.3,81.5,0,0.2704,0,156.1,0.415,0.274,628.6,4.468,0,claude
326.4,38.0,1,0.0253,0,100.8,0.828,0.226,632.5,4.237,0,claude
3061.2,622.5,12,0.5642,11,378.6,3.469,0.778,3631.9,3.546,1,human
1391.4,1174.1,5,0.2076,5,1316.7,2.295,0.626,10878.3,4.07,1,human
5743.4,99.5,6,0.2477,6,1953.5,2.091,0.834,5009.4,3.925,1,human
409.0,77.9,1,0.1636,2,111.0,0.49,0.025,679.0,4.433,0,mistral
3191.6,315.6,6,0.2601,7,1083.4,3.447,0.94,4290.2,3.573,1,human
2079.3,486.9,5,0.4034,4,1108.4,3.29,0.641,8510.6,4.385,1,human
638.5,70.7,1,0.1081,1,210.3,0.77,0.258,486.3,4.495,0,gemini
167.5,66.6,1,0.1395,1,117.3,1.043,0.289,366.2,4.1,0,claude
5177.2,617.7,10,0.3886,7,436.3,2.094,0.834,7184.0,3.05,1,human
460.2,68.8,0,0.0699,0,192.2,0.744,0.082,985.7,4.563,0,mistral
236.1,106.8,1,0.136,0,53.2,0.465,0.061,389.0,4.812,0,claude
1452.3,235.3,4,0.4011,8,523.3,2.068,0.904,3163.2,4.508,1,human
915.5,77.4,2,0.184,2,91.5,1.129,0.198,577.4,4.598,0,llama
3015.8,493.5,5,0.4722,8,432.5,2.748,0.736,6561.5,3.575,1,human
4787.6,573.5,12,0.4265,9,4863.2,2.29,0.939,5634.5,3.699,1,human
8272.0,610.1,16,0.1265,5,1387.1,3.527,0.555,6851.0,4.067,1,human
5069.8,579.3,4,0.4564,7,960.8,3.179,0.839,6855.2,4.883,1,human
9663.7,230.0,4,0.185,8,357.8,3.386,0.909,5685.7,3.906,1,human
4137.6,310.0,3,0.2236,11,1882.2,2.008,0.626,9118.1,3.884,1,human
2980.6,479.2,1,0.1807,8,2975.0,1.65,0.697,17483.7,3.246,1,human
384.7,58.9,1,0.0203,1,147.5,0.205,0.16,404.8,3.971,0,gpt4
8733.9,1350.2,2,0.3516,9,712.7,2.269,0.72,9519.4,4.566,1,human
5205.8,627.6,3,0.0735,5,861.3,2.509,0.765,5854.5,2.711,1,human
12801.6,481.5,14,0.3978,4,1943.6,3.096,0.733,10020.7,3.315,1,human
381.9,87.6,2,0.0606,0,133.0,0.877,0.331,669.7,3.789,0,mistral
420.9,45.0,0,0.0206,1,166.3,2.301,0.299,393.2,4.264,0,mistral
1976.1,1192.1,8,0.4173,9,1282.6,3.467,0.884,6783.3,3.727,1,human
2218.0,656.7,2,0.2068,4,1035.1,1.755,0.392,4909.4,3.924,1,human
4508.5,729.4,11,0.1329,12,1259.6,2.839,0.471,6230.6,3.721,1,human
4142.7,433.8,4,0.3382,5,458.0,2.474,0.792,7713.2,4.775,1,human
2996.9,851.7,4,0.5404,9,874.6,2.786,0.868,5362.9,3.567,1,human
2586.5,178.5,4,0.2694,9,1599.2,2.21,0.87,3956.2,4.277,1,human
220.7,39.1,1,0.1313,1,51.7,1.687,0.089,353.4,4.081,0,gpt4
2902.5,654.9,7,0.207,6,811.0,2.727,0.701,5109.7,4.603,1,human
14569.4,810.5,5,0.2798,11,327.3,2.69,0.923,7477.6,3.219,1,human
233.9,75.2,0,0.0208,0,168.1,0.214,0.251,667.9,4.53,0,claude
3658.6,280.9,8,0.5044,8,1235.4,2.782,0.922,6700.3,4.286,1,human
11358.3,728.3,6,0.1706,9,1707.7,1.967,0.87,8396.8,2.839,1,human
6309.4,659.4,7,0.3878,5,1206.9,2.551,0.752,4041.7,4.115,1,human
2515.1,621.1,4,0.2796,5,595.9,3.81,0.59,5049.0,4.035,1,human
4728.5,306.7,3,0.4495,7,906.7,2.578,0.777,6040.2,4.753,1,human
5699.3,300.6,8,0.4576,9,2354.1,1.995,0.55,14115.4,3.481,1,human
3598.5,580.6,1,0.2044,7,2114.8,3.112,0.838,9509.8,4.392,1,human
9101.6,301.6,7,0.1616,13,1595.0,2.731,0.53,13773.3,3.355,1,human
289.5,102.5,2,0.124,0,168.0,0.084,0.458,513.3,4.127,0,gpt4
2669.5,1148.8,3,0.3762,13,573.4,1.336,0.714,12401.9,4.013,1,human
5760.5,173.8,3,0.6264,5,2063.3,3.314,0.501,6699.9,3.555,1,human
526.7,55.6,0,0.3398,2,77.5,0.291,0.127,501.0,4.593,0,gemini
10228.0,197.2,8,0.3657,12,2408.6,2.584,0.781,14253.5,3.468,1,human
2912.3,1220.0,4,0.3299,1,1077.3,3.062,0.847,7890.3,2.764,1,human
4049.3,430.7,11,0.3407,9,1387.2,1.907,0.475,6169.9,3.696,1,human
8659.1,508.0,6,0.4666,7,1625.7,3.095,0.9,8744.8,3.736,1,human
2707.4,505.2,11,0.3756,13,1661.4,3.463,0.744,11090.0,4.211,1,human
2272.2,515.9,4,0.1876,6,2020.4,2.225,0.59,8747.3,3.613,1,human
4471.6,410.3,3,0.4739,14,1053.2,2.781,0.587,6513.3,3.72,1,human
379.0,45.6,1,0.0436,0,52.6,1.46,0.268,485.6,5.166,0,gemini
3020.5,989.2,6,0.2149,9,259.1,2.548,0.747,6627.7,3.295,1,human
9253.3,178.5,1,0.7079,7,1499.1,2.581,0.593,7262.6,3.215,1,human
5418.5,593.6,5,0.207,9,1588.3,3.553,0.828,3158.6,5.207,1,human
2701.5,420.2,5,0.3632,13,1184.8,3.388,0.61,13072.2,3.654,1,human
262.7,77.4,2,0.0953,0,67.2,0.724,0.256,500.0,4.962,0,gemini
4483.8,575.5,6,0.3278,9,4772.9,2.464,0.473,6611.0,3.498,1,human
3156.8,435.2,12,0.2103,9,364.6,1.209,0.744,4552.1,2.945,1,human
3948.9,314.7,8,0.1899,12,2219.2,1.828,0.412,9945.7,2.903,1,human
3050.8,192.2,10,0.4959,7,1359.7,3.0,0.599,14311.4,4.492,1,human
575.3,83.8,0,0.0626,2,333.3,0.049,0.041,432.4,4.427,0,mistral
4692.2,173.2,7,0.2985,12,475.0,2.354,0.563,4963.2,2.628,1,human
4700.6,811.4,4,0.092,14,1292.4,1.384,0.836,9312.0,2.837,1,human
219.2,81.1,1,0.1011,2,140.0,1.68,0.287,452.2,4.275,0,gemini
2947.3,835.7,8,0.42,6,1199.8,3.374,0.961,6620.4,3.364,1,human
6094.7,353.2,9,0.1995,7,1016.2,3.16,0.908,14798.9,4.355,1,human
315.3,44.1,2,0.2939,1,305.8,0.799,0.298,604.7,3.91,0,mistral
4120.4,200.6,5,0.2528,8,371.5,2.994,0.908,4556.8,3.622,1,human
4666.0,530.3,1,0.2262,7,1923.9,2.557,0.651,4543.1,4.479,1,human
18759.2,795.0,6,0.251,6,2163.0,3.383,0.811,7018.9,2.836,1,human
310.2,56.2,1,0.0362,1,85.4,0.849,0.178,378.1,4.392,0,gpt4
3525.1,1140.6,7,0.5651,7,2906.4,1.774,0.615,6065.0,3.941,1,human
10159.2,200.1,15,0.1128,11,548.4,2.259,0.523,6412.7,3.798,1,human
4651.2,439.2,10,0.19,13,2949.2,2.392,0.782,8144.0,3.707,1,human
296.2,69.6,0,0.0399,0,129.9,1.09,0.448,631.1,4.152,0,claude
289.4,38.5,2,0.112,0,87.9,1.333,0.171,525.3,4.432,0,gemini
616.3,52.2,1,0.238,1,165.1,0.691,0.419,558.0,4.224,0,llama
3637.0,357.0,1,0.2988,7,1133.0,2.242,0.722,4318.9,3.782,1,human
4548.2,689.9,9,0.2668,8,537.0,1.049,0.862,6421.3,4.038,1,human
6954.2,1333.6,6,0.0623,15,1833.8,2.304,0.933,10376.2,3.796,1,human
2868.1,1550.1,3,0.3653,13,621.6,2.056,0.869,4737.7,4.195,1,human
282.2,63.9,0,0.0158,2,144.4,0.406,0.106,535.5,4.486,0,gpt4
3087.5,804.8,6,0.3586,9,916.5,3.364,0.693,13859.8,3.145,1,human
241.8,40.8,0,0.158,1,98.8,0.72,0.073,634.1,4.089,0,llama
6041.6,1081.3,8,0.2018,3,4170.5,2.214,0.947,4309.9,3.166,1,human
6224.0,534.6,18,0.2625,9,1298.7,2.508,0.676,8102.4,4.033,1,human
366.5,74.7,1,0.2165,0,94.9,0.276,0.188,439.9,4.172,0,gpt4
669.3,68.5,0,0.0991,3,116.2,1.38,0.359,531.7,3.985,0,llama
701.6,111.8,0,0.006,2,142.7,0.972,0.215,756.6,4.163,0,mistral
7977.0,376.8,6,0.3396,8,1522.2,3.318,0.743,6983.1,3.614,1,human
3558.6,358.1,6,0.3932,14,2840.9,2.683,0.844,13538.5,4.395,1,human
4859.3,389.6,2,0.1147,9,2700.7,1.99,0.915,5220.2,4.476,1,human
5927.3,323.4,8,0.2835,5,1283.3,2.34,0.65,7080.2,4.415,1,human
209.2,123.3,0,0.0972,3,104.6,1.138,0.223,431.7,4.374,0,claude
190.9,48.4,2,0.0666,2,426.1,0.212,0.33,904.5,4.247,0,gpt4
1711.1,309.2,4,0.4589,6,1636.3,3.026,0.934,9978.1,3.72,1,human
5289.9,617.8,6,0.1394,16,670.7,3.572,0.856,5587.4,3.75,1,human
6553.6,260.7,1,0.2755,9,3207.8,2.037,0.828,11676.7,3.525,1,human
545.2,53.7,0,0.2495,0,115.2,0.81,0.262,320.6,3.919,0,gemini
5096.4,780.2,8,0.3964,8,2242.9,1.959,0.919,9054.4,3.664,1,human
341.2,63.4,1,0.0797,0,144.2,0.925,0.389,300.0,4.453,0,llama
824.8,41.9,1,0.2222,1,113.5,0.988,0.314,300.0,4.392,0,llama
2495.5,196.0,1,0.2391,9,477.6,2.069,0.801,6817.6,3.589,1,human
4095.4,294.2,13,0.2451,6,1249.7,2.845,0.818,5928.4,3.445,1,human
3552.9,474.6,13,0.5022,9,1435.7,2.94,0.77,11809.5,3.696,1,human
6178.5,1560.9,6,0.1273,9,443.0,2.718,0.867,6883.3,3.235,1,human
3804.1,373.5,10,0.3309,7,1526.0,3.339,0.835,5985.1,4.022,1,human
463.6,101.1,0,0.2743,0,246.9,0.157,0.203,301.2,3.772,0,gpt4
4179.3,367.6,7,0.2279,9,559.7,3.544,0.808,7070.0,4.71,1,human
3105.3,281.3,4,0.1435,7,1460.1,2.62,0.871,5653.7,3.206,1,human
3128.4,909.6,4,0.1277,12,155.8,3.58,0.823,6628.1,3.289,1,human
7067.6,615.2,4,0.2946,4,743.5,3.073,0.656,8504.5,3.565,1,human
3603.0,942.6,4,0.6197,6,642.0,3.062,0.518,4426.5,3.089,1,human
249.4,39.8,1,0.0227,0,115.6,0.001,0.144,547.8,4.218,0,claude
5876.7,527.1,6,0.1266,6,965.8,2.217,0.556,5108.0,4.739,1,human
2531.4,982.8,14,0.0612,12,1249.4,2.802,0.736,2186.2,3.328,1,human
4901.2,855.4,6,0.152,9,2254.4,3.179,0.478,5593.1,4.114,1,human
413.6,78.6,2,0.1152,2,128.0,0.898,0.145,736.5,4.313,0,gpt4
160.2,79.8,0,0.1548,2,247.2,0.208,0.077,524.2,3.7,0,claude
12523.3,1090.5,4,0.0684,4,1131.1,2.769,0.836,5858.6,4.761,1,human
6043.6,635.5,5,0.0506,9,2284.1,3.492,0.768,2026.2,4.087,1,human
440.3,50.6,0,0.2176,1,87.5,0.488,0.086,750.6,3.934,0,gemini
7735.5,604.5,9,0.1716,10,403.4,2.628,0.833,7021.3,4.056,1,human
3606.3,597.0,7,0.3162,13,325.8,2.595,0.92,5955.1,3.951,1,human
655.6,59.4,5,0.1271,3,65.7,1.239,0.281,782.7,4.741,0,llama
5494.1,817.2,8,0.2698,15,1775.1,2.731,0.915,6426.4,3.208,1,human
2174.5,867.2,1,0.1819,9,1111.2,3.57,0.513,11282.7,3.008,1,human
2567.8,373.0,8,0.4778,17,381.9,2.142,0.748,10672.6,4.19,1,human
282.5,62.0,1,0.1854,1,222.3,0.533,0.078,590.3,4.209,0,claude
3178.1,341.1,6,0.3157,4,1491.0,2.399,0.563,12947.6,3.472,1,human
204.1,81.4,0,0.0316,1,171.9,0.94,0.091,506.7,4.286,0,claude
2463.3,1257.1,4,0.2477,8,1197.2,3.274,0.801,7717.9,3.729,1,human
5204.2,366.9,1,0.4765,9,727.8,2.931,0.772,5086.2,3.818,1,human
4437.8,687.8,8,0.1714,16,502.5,2.604,0.636,3909.4,3.71,1,human
6215.5,617.0,7,0.1167,10,1797.2,1.489,0.547,2961.9,4.673,1,human
7257.0,401.9,3,0.3112,5,1964.7,2.199,0.523,5747.5,4.03,1,human
3222.3,196.3,19,0.2532,13,1166.1,2.253,0.661,2687.2,2.663,1,human
480.3,67.9,2,0.0332,2,124.6,0.908,0.049,934.0,4.482,0,llama
3098.4,536.6,6,0.2656,15,761.5,3.23,0.753,7126.7,4.141,1,human
229.5,73.3,0,0.0407,3,105.5,1.369,0.255,711.0,4.366,0,gpt4
308.4,39.5,3,0.2613,0,143.9,1.721,0.481,300.0,4.768,0,mistral
10284.5,94.2,14,0.1119,3,4130.9,2.261,0.735,8493.7,3.305,1,human
3799.9,1160.6,12,0.2151,10,1153.4,3.03,0.72,11759.4,3.547,1,human
461.6,65.4,0,0.1141,0,227.4,0.605,0.17,300.0,3.449,0,gpt4
2710.2,401.9,5,0.2293,2,1179.5,2.239,0.538,4298.8,3.198,1,human
2569.3,361.6,12,0.0301,14,2136.6,2.803,0.844,11273.5,4.923,1,human
8535.6,523.8,4,0.2583,8,1197.0,2.966,0.825,5049.3,3.684,1,human
205.1,52.8,0,0.1319,0,165.1,0.413,0.44,955.0,4.76,0,claude
4693.3,914.1,7,0.1331,6,379.9,1.812,0.613,4316.5,3.168,1,human
4440.1,164.6,13,0.1972,7,2773.7,2.505,0.793,11282.4,5.234,1,human
2978.4,496.0,6,0.4643,5,1111.8,2.949,0.443,6800.4,4.307,1,human
5179.7,384.4,9,0.1329,7,841.5,2.73,0.831,11567.0,3.436,1,human
268.5,91.5,0,0.0397,1,191.6,0.954,0.113,300.0,4.615,0,gpt4
2720.0,632.9,5,0.3396,4,3044.9,2.305,0.702,6104.7,2.654,1,human
3608.9,708.4,10,0.3318,8,1929.2,3.358,0.862,14329.1,3.78,1,human
541.2,67.4,2,0.0093,2,81.0,1.164,0.335,840.4,4.522,0,gemini
1783.3,1792.9,4,0.182,9,1684.0,2.057,0.565,7328.8,3.213,1,human
379.3,84.4,1,0.1881,1,74.6,0.518,0.079,603.1,4.255,0,llama
8617.2,839.0,16,0.2949,8,912.9,3.273,0.813,7997.9,4.259,1,human
278.6,70.8,0,0.0934,1,125.6,0.097,0.096,470.7,4.797,0,claude
697.2,67.2,0,0.0717,1,119.0,0.712,0.255,715.6,4.263,0,llama
519.7,73.0,0,0.1269,1,141.3,0.193,0.389,698.4,3.913,0,llama
321.9,93.3,1,0.0885,1,98.3,0.636,0.35,527.9,4.729,0,gpt4
460.1,84.8,2,0.3342,2,95.2,0.354,0.34,564.1,4.566,0,gpt4
353.8,126.1,1,0.0193,0,164.6,0.645,0.36,486.6,4.244,0,gpt4
244.6,53.8,1,0.1275,1,72.2,0.151,0.228,399.4,3.967,0,claude
7729.0,358.7,4,0.1852,7,1212.4,2.81,0.755,7132.2,3.094,1,human
4007.9,355.1,3,0.0473,9,1002.2,2.903,0.748,10331.2,4.685,1,human
3770.4,548.9,4,0.1981,3,900.2,2.127,0.617,6964.8,3.144,1,human
1921.2,215.8,7,0.1317,6,1434.4,3.612,0.748,7591.3,4.215,1,human
3913.7,249.4,7,0.1878,12,1422.4,2.786,0.783,6827.1,4.551,1,human
3579.3,2163.4,4,0.1943,6,2663.4,3.327,0.741,4645.9,2.835,1,human
1982.9,306.8,8,0.5939,13,3308.6,2.355,0.622,6813.5,4.6,1,human
7502.9,615.8,8,0.3053,5,1195.5,2.521,0.852,6256.6,4.115,1,human
2196.2,791.6,11,0.339,6,2898.5,3.244,0.922,3993.6,4.187,1,human
457.6,70.1,1,0.0253,2,181.9,0.189,0.067,382.2,4.693,0,gemini
281.7,74.3,0,0.1782,3,143.7,1.101,0.328,503.6,4.723,0,gpt4
2836.0,289.7,2,0.211,6,2142.5,2.889,0.799,6802.6,3.314,1,human
2050.6,411.4,10,0.4008,10,994.3,2.274,0.852,11400.9,3.38,1,human
166.9,93.1,0,0.0371,1,68.2,1.461,0.52,300.0,4.501,0,gemini
2347.6,104.1,1,0.4242,13,1311.2,3.326,0.662,2396.1,3.709,1,human
639.1,80.7,1,0.2514,3,65.1,0.866,0.16,480.5,4.348,0,gpt4
3722.5,808.5,2,0.4715,10,806.8,2.945,0.89,3916.2,4.771,1,human
1427.0,848.5,10,0.2849,7,287.6,3.2,0.552,8496.8,4.591,1,human
4417.7,1535.9,7,0.5665,9,1049.7,3.582,0.514,7101.6,3.988,1,human
3881.6,523.3,23,0.2231,10,476.8,2.073,0.764,6560.4,2.885,1,human
6646.0,760.3,2,0.4532,7,602.0,2.636,0.656,6873.3,4.817,1,human
4175.7,784.0,5,0.3227,8,418.9,2.703,0.807,5597.7,3.404,1,human
7099.5,989.8,5,0.1209,7,1200.3,2.097,0.83,7743.7,3.418,1,human
4541.4,2071.5,4,0.5546,6,2189.4,2.545,0.724,7109.1,4.085,1,human
3893.1,681.9,8,0.2928,10,940.7,3.079,0.817,5801.6,3.586,1,human
7599.0,377.6,7,0.1232,10,977.8,3.003,0.799,6219.8,4.562,1,human
5512.7,1020.5,5,0.3644,6,1211.2,3.363,0.878,12136.7,3.705,1,human
5784.2,254.7,4,0.4115,8,1661.5,2.358,0.797,6946.3,4.548,1,human
337.3,103.3,1,0.0598,1,73.3,0.363,0.228,534.5,3.899,0,gpt4
573.5,57.3,1,0.0701,1,139.1,0.606,0.534,316.8,4.232,0,llama
615.6,64.3,2,0.0367,0,142.3,0.698,0.068,397.3,4.152,0,mistral
294.7,61.9,0,0.0487,2,136.8,0.664,0.516,633.4,4.26,0,gemini
425.0,79.4,1,0.2446,2,148.9,0.55,0.147,328.1,3.907,0,mistral
2644.2,540.7,2,0.1317,4,707.9,2.353,0.856,5493.6,4.61,1,human
4763.8,615.2,4,0.4744,6,356.5,1.611,0.27,14948.7,4.769,1,human
4382.8,278.4,9,0.2344,7,2130.6,2.353,0.862,6797.4,2.539,1,human
598.1,42.3,1,0.08,2,141.1,1.761,0.269,874.9,4.006,0,llama
3515.9,96.3,1,0.5769,8,4516.2,2.783,0.711,10208.4,3.262,1,human
309.8,70.2,1,0.1216,0,127.7,0.47,0.135,693.3,4.432,0,claude
4044.5,1612.2,2,0.3147,16,2157.2,3.148,0.512,5655.6,4.047,1,human
5670.5,420.3,18,0.1713,4,840.0,2.928,0.707,8791.3,3.224,1,human
3810.9,751.5,5,0.2532,3,803.7,2.305,0.806,5149.9,4.482,1,human
4417.0,754.8,10,0.208,8,265.3,2.259,0.977,4667.6,3.173,1,human
10311.5,195.8,3,0.2521,7,2786.1,2.744,0.609,6997.6,2.981,1,human
5562.7,248.3,4,0.4402,5,2607.3,3.204,0.644,3000.6,4.67,1,human
8862.7,599.4,10,0.4809,16,1055.6,3.225,0.785,4012.5,3.629,1,human
6487.1,344.6,5,0.2718,3,433.3,2.379,0.805,5545.2,4.46,1,human
6970.1,80.7,4,0.3743,5,1857.8,3.318,0.788,9095.7,4.579,1,human
622.6,98.9,2,0.0842,0,96.5,0.67,0.127,553.3,3.886,0,llama
2981.9,574.3,8,0.5461,7,2070.6,2.285,0.872,7244.8,3.226,1,human
5858.8,936.0,8,0.3164,11,483.7,1.92,0.877,5030.9,4.331,1,human
260.3,69.0,1,0.0438,0,68.8,0.549,0.238,852.7,4.556,0,gpt4
5881.0,1057.9,3,0.2516,8,968.1,3.822,0.8,14946.3,3.92,1,human
2293.1,1762.6,1,0.5508,6,688.8,3.079,0.862,8188.7,3.058,1,human
4855.4,384.3,16,0.2873,2,2532.9,1.816,0.68,6813.7,4.338,1,human
659.5,42.2,2,0.1294,4,211.5,0.371,0.234,599.3,4.142,0,mistral
417.5,51.4,0,0.022,0,137.7,0.709,0.301,300.0,4.457,0,gemini
4754.4,910.9,8,0.1644,11,1220.7,2.227,0.765,11541.7,4.344,1,human
177.7,60.6,0,0.0432,2,169.1,1.018,0.184,492.8,4.158,0,gpt4
521.4,92.4,0,0.0225,0,109.9,0.415,0.277,325.2,3.951,0,gemini
3341.8,269.5,2,0.6596,8,1676.3,3.339,0.918,6570.7,4.032,1,human
322.0,71.9,0,0.3769,5,127.8,0.09,0.245,359.9,4.397,0,gpt4
141.0,59.5,1,0.1248,0,166.0,0.626,0.342,400.6,3.996,0,gemini
3985.8,866.9,6,0.2286,2,2879.5,2.277,0.492,12246.7,4.737,1,human
313.7,105.7,0,0.3062,3,131.1,0.044,0.115,463.9,4.533,0,llama
1431.2,310.8,10,0.2064,11,1414.0,3.66,0.828,9088.3,4.135,1,human
7581.4,762.9,3,0.3615,10,868.7,2.545,0.566,14391.1,3.506,1,human
3144.8,338.5,1,0.3508,1,1391.2,2.201,0.849,6543.8,3.307,1,human
4253.3,173.8,15,0.4106,11,714.7,2.756,0.873,10552.1,2.787,1,human
2663.1,827.3,8,0.4352,14,2191.7,2.988,0.91,4487.7,3.788,1,human
2226.9,496.7,4,0.4295,10,473.8,3.379,0.697,4567.8,4.781,1,human
6826.5,671.1,1,0.3371,11,633.8,2.718,0.72,9694.0,2.605,1,human
4731.9,336.8,6,0.2302,10,2258.2,3.171,0.714,10200.6,2.958,1,human
10332.9,270.6,1,0.4455,11,2143.9,3.153,0.614,6835.1,3.331,1,human
420.2,37.6,1,0.084,0,75.9,0.485,0.28,693.6,4.38,0,gpt4
6410.2,370.4,6,0.2554,8,2136.3,3.626,0.739,8161.5,3.002,1,human
2975.0,540.8,9,0.4142,8,2128.3,2.246,0.868,6350.3,4.732,1,human
5573.0,682.3,5,0.3876,9,1045.6,3.123,0.835,4580.6,4.061,1,human
5976.1,400.9,8,0.1802,11,3379.2,2.769,0.77,7250.4,2.896,1,human
228.8,72.7,0,0.0958,0,54.3,0.452,0.294,604.1,4.257,0,llama
2904.7,278.2,6,0.3365,6,1679.9,2.514,0.735,2590.3,4.779,1,human
3064.2,393.3,3,0.281,3,549.5,2.645,0.674,7286.9,3.431,1,human
3952.4,1771.1,18,0.201,4,1516.3,2.736,0.68,7606.3,4.091,1,human
2425.9,695.9,7,0.2964,9,2446.8,2.179,0.835,7884.7,3.767,1,human
319.9,47.1,2,0.0876,2,200.7,1.011,0.06,676.9,4.082,0,mistral
586.3,54.2,1,0.0965,1,269.4,1.914,0.448,449.7,3.944,0,mistral
257.3,75.5,2,0.1909,0,93.4,0.645,0.051,529.7,4.225,0,gpt4
314.4,91.4,1,0.0636,0,181.3,0.165,0.141,629.2,4.342,0,claude
251.1,87.6,0,0.1186,0,118.2,0.618,0.074,630.2,4.461,0,claude
3269.4,926.4,5,0.5932,7,1205.5,3.421,0.52,8705.2,4.176,1,human
3169.0,446.7,0,0.2899,9,1487.1,2.244,0.812,8127.5,3.411,1,human
5521.4,392.3,4,0.244,9,1358.0,3.346,0.669,4213.0,3.892,1,human
4581.9,500.3,6,0.1708,9,315.6,1.801,0.683,5284.2,4.661,1,human
2192.7,331.5,19,0.4958,8,938.5,3.429,0.8,7102.3,3.849,1,human
4061.1,461.3,7,0.1018,6,1869.4,2.697,0.794,6372.6,3.336,1,human
996.6,89.5,1,0.1221,0,99.8,0.759,0.194,683.4,4.673,0,gemini
5658.9,205.0,12,0.304,11,2222.6,2.87,0.755,7393.1,4.247,1,human
10142.4,237.9,15,0.2608,8,2016.7,3.3,0.824,12410.9,3.477,1,human
171.6,103.5,1,0.1917,2,199.9,0.427,0.118,530.7,4.601,0,claude
392.7,79.3,0,0.0725,1,138.6,0.16,0.232,492.3,4.118,0,gpt4
226.5,48.8,1,0.2552,1,141.7,0.446,0.319,404.9,4.178,0,gemini
1338.3,96.5,0,0.3016,1,229.6,0.371,0.169,586.7,3.712,0,llama
333.3,43.3,0,0.0836,2,137.5,0.512,0.271,517.3,5.042,0,mistral
1332.0,136.3,4,0.1098,9,2802.9,2.098,0.754,14643.2,3.24,1,human
3166.6,398.6,10,0.6591,3,861.7,3.475,0.97,5992.8,4.061,1,human
707.7,129.2,2,0.0439,2,69.8,1.007,0.239,420.1,3.734,0,mistral
2832.7,227.3,19,0.2114,9,1232.2,2.235,0.659,7092.1,3.024,1,human
378.6,63.5,0,0.177,2,78.1,1.422,0.326,690.2,3.839,0,claude
2617.0,148.2,9,0.3145,7,659.5,1.887,0.855,13652.0,3.654,1,human
8414.2,80.0,1,0.3372,10,754.5,2.345,0.928,4536.5,3.253,1,human
160.0,92.1,1,0.0959,2,88.4,0.709,0.364,720.5,3.945,0,gemini
4258.9,382.1,2,0.243,7,3510.7,2.436,0.686,12490.8,4.58,1,human
906.0,58.5,1,0.01,0,61.8,2.101,0.155,532.3,4.306,0,mistral
395.3,90.6,0,0.6455,1,155.4,0.235,0.19,356.9,4.229,0,gpt4
2660.8,1405.9,10,0.2548,7,688.3,2.89,0.78,4109.4,3.455,1,human
6424.3,390.4,1,0.1919,12,264.3,2.427,0.716,6370.9,5.21,1,human
341.4,69.8,0,0.0246,2,54.4,1.166,0.233,329.5,4.187,0,mistral
206.7,65.7,0,0.287,0,75.1,0.469,0.442,633.6,4.293,0,gemini
4569.7,283.3,17,0.1122,9,399.8,1.95,0.757,6855.2,3.782,1,human
336.3,113.1,1,0.2239,0,199.1,0.357,0.1,579.7,4.692,0,gpt4
261.4,45.1,0,0.0787,1,176.0,0.693,0.207,568.4,4.686,0,gpt4
2355.6,187.0,12,0.4445,9,2657.1,3.133,0.445,4309.3,4.142,1,human
3355.0,217.6,8,0.2597,7,478.2,2.921,0.732,5814.5,3.08,1,human
7043.0,1679.6,13,0.3093,4,1040.8,2.381,0.752,5606.9,4.139,1,human
1541.7,503.6,10,0.1628,4,1425.4,3.046,0.878,7879.6,2.739,1,human
4073.5,865.5,8,0.2673,9,1765.1,3.019,0.895,5253.3,3.359,1,human
6162.4,453.1,5,0.1042,3,829.9,2.937,0.795,4001.1,3.606,1,human
460.3,70.7,2,0.0288,0,101.6,0.656,0.125,359.3,4.222,0,claude
381.3,101.2,2,0.1215,2,70.0,1.272,0.384,352.3,4.079,0,llama
563.4,65.8,0,0.4396,1,191.8,1.913,0.019,498.3,4.261,0,llama
2020.6,424.4,6,0.3998,13,1629.2,2.618,0.844,7211.1,4.574,1,human
267.3,52.9,1,0.0675,1,149.1,0.19,0.198,449.9,4.632,0,gpt4
285.8,87.8,1,0.0795,1,121.6,1.724,0.142,555.1,4.425,0,llama
3905.9,502.0,8,0.4734,11,998.3,3.707,0.785,13588.5,3.116,1,human
5352.4,368.8,22,0.1025,10,824.2,1.752,0.801,9226.8,2.525,1,human
3095.6,747.2,0,0.2661,11,2477.4,2.284,0.727,4526.9,4.016,1,human
3035.5,396.3,12,0.3933,7,1100.8,1.911,0.741,8071.6,3.922,1,human
6798.8,1238.1,6,0.2973,9,2044.6,2.616,0.955,4885.9,2.952,1,human
302.2,61.0,0,0.3658,2,222.0,0.7,0.023,596.8,4.521,0,gpt4
2992.3,1216.3,5,0.1525,13,821.6,2.697,0.919,6162.4,4.551,1,human
5121.7,119.2,9,0.3493,7,1973.4,3.175,0.879,7361.5,4.253,1,human
3425.4,359.4,7,0.3622,8,885.1,3.051,0.682,9013.3,3.319,1,human
359.3,73.0,1,0.0073,0,101.7,0.988,0.196,761.0,4.233,0,mistral
500.2,70.5,2,0.0614,2,161.1,2.004,0.368,670.6,4.865,0,llama
4243.8,778.0,4,0.445,9,2528.0,3.503,0.788,6080.9,4.158,1,human
3605.3,199.0,17,0.479,6,2186.0,3.553,0.577,13329.4,3.425,1,human
4121.8,564.5,5,0.367,5,8000.0,2.712,0.764,7096.7,3.466,1,human
351.3,72.1,1,0.0214,3,176.8,0.692,0.162,573.1,4.268,0,gpt4
261.2,51.8,0,0.1983,1,61.6,0.537,0.116,555.2,4.117,0,mistral
3477.8,647.0,3,0.1723,9,559.1,2.651,0.899,6049.5,3.955,1,human
419.8,75.9,1,0.0612,3,138.3,0.496,0.236,476.9,4.038,0,mistral
1272.9,536.9,6,0.154,2,5492.0,3.154,0.798,8636.8,3.798,1,human
4946.3,527.1,5,0.425,6,345.5,1.952,0.768,8040.2,3.382,1,human
9727.6,316.5,2,0.5234,9,752.8,3.238,0.81,5316.4,3.617,1,human
2993.5,901.1,3,0.3428,11,1063.5,2.062,0.73,5974.1,4.475,1,human
308.0,41.8,0,0.1149,1,121.9,0.458,0.249,513.1,4.361,0,mistral
294.5,75.8,1,0.0575,2,173.1,0.279,0.064,371.6,3.874,0,mistral
1950.7,467.4,4,0.4691,11,563.5,2.118,0.781,3870.2,3.897,1,human
6552.2,560.7,14,0.2447,9,3166.3,3.453,0.405,5557.4,3.854,1,human
1516.2,1146.4,13,0.3658,8,256.8,2.641,0.922,4543.9,3.951,1,human
392.5,88.4,1,0.0762,0,125.5,0.395,0.155,582.8,4.663,0,gemini
4584.9,1945.3,9,0.3185,7,2567.1,2.21,0.93,5880.9,2.906,1,human
285.8,91.8,0,0.0704,0,75.6,0.462,0.543,339.2,4.358,0,gpt4
229.3,64.5,1,0.0177,0,170.7,0.433,0.33,505.4,4.721,0,llama
326.8,99.3,2,0.0268,1,87.8,0.272,0.202,355.5,3.997,0,claude
8645.3,332.7,6,0.096,4,2584.9,2.034,0.802,6860.9,3.586,1,human
6985.9,634.7,2,0.4573,8,1531.5,2.302,0.884,5118.5,3.117,1,human
1897.8,483.9,10,0.2526,11,754.5,2.675,0.827,7596.4,2.684,1,human
180.7,160.8,1,0.0129,1,176.6,0.471,0.259,300.0,4.362,0,gpt4
480.4,51.6,2,0.2004,0,104.8,0.554,0.071,578.4,4.393,0,claude
5835.0,449.8,19,0.2722,7,1085.3,2.871,0.794,6635.1,3.283,1,human
7927.7,182.8,3,0.3386,7,1737.4,3.065,0.66,6613.0,4.912,1,human
1069.0,1115.5,8,0.2979,7,572.4,2.784,0.716,4504.5,3.553,1,human
200.1,70.2,1,0.3193,1,149.5,1.419,0.329,574.8,4.867,0,gpt4
2466.7,781.0,2,0.2839,12,2828.6,1.823,0.731,10787.4,3.363,1,human
339.2,62.6,1,0.0264,0,153.2,1.356,0.294,616.2,4.173,0,llama
1043.9,46.2,1,0.1373,2,90.0,2.258,0.127,906.2,4.777,0,llama
5846.8,599.7,15,0.1898,4,1994.6,2.544,0.959,5140.4,3.826,1,human
1882.4,677.9,5,0.0547,9,511.0,1.402,0.824,4255.0,4.273,1,human
786.1,50.6,0,0.0525,0,79.9,1.372,0.281,626.9,4.233,0,gemini
354.4,90.4,0,0.0154,1,59.8,0.266,0.445,597.1,4.475,0,gemini
6079.7,888.3,12,0.4564,9,3822.0,2.021,0.889,10788.0,3.135,1,human
361.3,50.0,1,0.0914,3,64.8,0.505,0.207,546.3,4.277,0,llama
1581.9,296.3,5,0.2333,9,3459.5,2.328,0.408,9412.9,4.408,1,human
4701.4,408.2,9,0.2428,9,1940.1,3.166,0.495,5795.8,4.398,1,human
6471.8,638.1,5,0.2919,11,924.8,1.216,0.706,6957.8,4.464,1,human
5524.6,222.5,8,0.1934,10,1265.0,3.021,0.859,11116.7,4.213,1,human
157.5,94.8,1,0.1129,0,145.4,0.937,0.092,691.9,4.579,0,gpt4
440.6,57.6,1,0.1398,0,118.9,0.692,0.261,444.9,3.876,0,llama
4267.0,298.0,5,0.1513,5,4598.6,3.198,0.813,15627.6,3.647,1,human
591.1,66.5,4,0.1707,0,122.7,0.867,0.358,310.2,3.785,0,gpt4
205.4,66.5,0,0.0378,0,119.7,0.431,0.177,300.0,4.255,0,claude
4927.0,628.6,3,0.4067,6,922.3,2.91,0.801,5729.9,3.088,1,human
159.9,58.5,1,0.0757,0,146.8,0.507,0.248,549.2,4.099,0,claude
8682.1,1038.6,2,0.1587,8,833.0,3.287,0.801,3470.2,3.378,1,human
3307.5,492.7,0,0.0972,7,2920.7,3.474,0.725,7776.8,4.24,1,human
339.2,100.7,1,0.0212,0,191.8,1.779,0.184,739.9,4.072,0,gpt4
2371.2,643.1,8,0.4616,6,762.6,2.152,0.616,5813.5,4.032,1,human
394.5,77.2,0,0.1654,2,81.9,0.436,0.377,770.4,4.335,0,gpt4
3112.1,510.0,13,0.1792,7,694.5,2.155,0.788,7501.1,4.176,1,human
5624.2,580.7,8,0.3091,6,1527.3,3.333,0.503,6421.2,4.256,1,human
523.2,41.6,0,0.0095,0,171.6,1.072,0.523,300.0,4.778,0,llama
4292.4,405.4,7,0.2554,11,589.3,3.147,0.633,5551.0,3.728,1,human
4260.4,1214.3,6,0.103,8,662.2,3.449,0.557,4179.6,4.092,1,human
3465.1,325.8,6,0.1526,5,601.5,2.096,0.866,8935.0,4.519,1,human
2685.9,436.7,5,0.5194,9,1446.4,1.601,0.847,3553.4,3.159,1,human
2430.8,371.2,1,0.4036,11,347.4,2.815,0.616,5331.2,4.025,1,human
8424.9,244.1,6,0.4988,8,1150.1,3.114,0.871,5986.4,4.449,1,human
2398.0,299.5,3,0.0612,4,584.6,2.454,0.824,5258.7,3.724,1,human
927.5,44.4,1,0.0827,1,83.8,0.605,0.14,531.0,3.774,0,mistral
9084.3,247.3,1,0.5143,9,488.2,2.095,0.556,9520.2,3.963,1,human
5117.9,341.7,8,0.076,14,1115.8,2.956,0.911,12751.9,4.493,1,human
295.6,73.5,1,0.2691,2,211.7,0.091,0.059,562.9,4.549,0,claude
3213.0,1194.2,14,0.5533,15,548.4,2.689,0.646,9434.3,3.829,1,human
337.1,80.7,0,0.0394,0,98.6,0.396,0.309,439.5,4.012,0,llama
508.2,41.1,0,0.0681,1,111.3,0.134,0.075,364.7,4.691,0,gpt4
447.8,103.2,0,0.1632,3,116.8,0.543,0.122,369.8,4.148,0,gpt4
3712.1,1045.6,5,0.1255,6,1281.1,2.091,0.722,10842.1,4.426,1,human
4406.9,487.5,3,0.4405,7,1647.0,3.461,0.936,10534.9,3.678,1,human
427.2,72.4,0,0.12,1,116.2,0.551,0.274,602.9,4.552,0,gpt4
2314.2,1062.3,6,0.146,3,6912.2,2.281,0.891,7541.6,4.335,1,human
5603.0,163.8,7,0.7619,10,1033.0,3.389,0.555,10773.5,4.647,1,human
3446.9,301.6,5,0.3234,13,2831.8,2.879,0.441,3395.4,3.142,1,human
2890.3,390.5,1,0.5354,7,638.7,2.112,0.869,9575.7,3.229,1,human
1796.6,301.4,4,0.5366,8,2135.7,2.934,0.679,7665.6,3.482,1,human
5948.6,658.0,6,0.5096,8,1495.9,2.009,0.796,11965.5,2.453,1,human
449.9,50.8,3,0.117,0,81.5,0.914,0.217,485.1,4.13,0,llama
6500.5,224.6,1,0.3395,6,621.0,3.315,0.462,10735.2,3.602,1,human
7125.3,661.9,5,0.1502,7,1702.2,2.151,0.587,5752.8,4.591,1,human
249.9,59.0,1,0.0171,1,119.5,0.266,0.069,358.1,4.073,0,gpt4
2142.1,1032.4,3,0.3132,8,1169.3,2.352,0.82,4154.7,3.091,1,human
354.1,55.6,1,0.0585,1,160.5,0.699,0.052,486.2,4.264,0,mistral
5277.9,678.7,8,0.3857,10,249.1,3.058,0.574,5419.8,3.384,1,human
2369.4,1010.8,16,0.5084,7,480.1,2.232,0.769,5705.2,3.203,1,human
179.4,50.4,0,0.0673,2,189.7,0.552,0.226,422.9,4.249,0,claude
3015.6,679.1,12,0.2774,4,385.0,2.696,0.688,5315.6,4.224,1,human
272.6,52.7,0,0.2433,0,72.5,1.438,0.185,378.3,4.37,0,claude
235.7,87.5,0,0.1197,2,78.3,0.296,0.215,550.6,4.208,0,claude
3241.3,443.4,10,0.1284,6,3215.4,2.769,0.669,3210.8,3.439,1,human
10746.8,211.4,11,0.2743,9,651.6,3.073,0.724,3552.7,4.363,1,human
443.1,86.2,1,0.022,3,177.9,0.893,0.41,817.3,4.78,0,llama
4582.2,1021.8,7,0.3561,13,1086.8,2.659,0.874,4340.3,3.384,1,human
10453.7,735.2,6,0.4788,10,1689.3,2.699,0.587,8154.8,4.699,1,human
287.0,64.5,1,0.2209,0,100.2,0.901,0.124,430.7,4.374,0,llama
3015.6,122.5,7,0.3691,9,2354.8,1.686,0.635,2836.2,3.723,1,human
8322.9,559.1,5,0.2909,10,1777.1,2.583,0.905,5949.8,3.815,1,human
356.7,80.5,2,0.0182,1,173.2,0.432,0.142,545.5,3.975,0,mistral
282.5,45.2,0,0.3656,0,103.9,0.265,0.341,555.6,4.213,0,gpt4
2292.2,248.7,2,0.2248,8,1666.2,2.381,0.645,4364.5,4.562,1,human
201.3,73.3,1,0.0647,2,219.0,0.909,0.323,359.3,4.463,0,mistral
5906.0,498.2,6,0.21,5,1230.3,1.85,0.861,5942.4,3.161,1,human
4555.6,364.2,9,0.3586,6,696.9,1.586,0.872,4977.7,3.497,1,human
221.2,64.2,0,0.0472,0,101.2,0.615,0.365,516.1,4.866,0,claude
3483.1,237.0,6,0.2558,16,3980.2,3.519,0.676,11331.6,3.964,1,human
5509.2,742.6,5,0.1471,12,1488.8,2.759,0.753,4702.9,3.895,1,human
401.2,67.0,1,0.1347,1,222.3,1.236,0.375,483.9,4.024,0,gpt4
513.5,35.4,1,0.0939,1,83.1,0.747,0.117,523.9,4.195,0,llama
5023.6,836.9,9,0.2226,10,3046.7,3.145,0.696,8469.4,3.177,1,human
185.3,48.9,0,0.0703,0,209.8,0.384,0.115,543.7,4.142,0,claude
256.5,53.8,0,0.1001,3,231.5,0.136,0.188,385.6,4.879,0,claude
434.4,40.0,0,0.1057,1,144.6,0.236,0.209,644.6,4.075,0,claude
1726.4,669.7,11,0.1554,8,3596.4,3.257,0.545,6528.3,3.058,1,human
900.9,49.5,1,0.3067,1,103.3,1.33,0.117,682.1,4.235,0,gemini
1632.0,485.4,9,0.3146,6,3906.1,1.965,0.857,5564.2,3.725,1,human
356.4,56.6,1,0.0574,1,164.7,0.913,0.185,535.8,4.332,0,gemini
179.4,53.9,2,0.1344,2,95.4,1.174,0.175,438.4,4.708,0,gpt4
384.9,75.7,1,0.1565,2,131.6,0.692,0.226,313.7,4.297,0,gemini
442.4,67.0,2,0.1369,0,129.6,0.964,0.1,481.9,4.096,0,mistral
4875.8,475.0,5,0.5327,15,490.2,2.866,0.833,7322.8,4.938,1,human
1753.3,406.9,7,0.3028,12,1235.8,2.017,0.772,6194.5,3.931,1,human
304.0,84.5,2,0.0769,3,81.8,0.392,0.071,341.9,3.478,0,gemini
2814.0,172.4,12,0.1478,8,2492.2,3.06,0.929,7470.4,3.328,1,human
667.4,32.4,1,0.0808,2,170.7,0.609,0.118,531.9,4.302,0,llama
6483.4,501.7,6,0.7026,10,700.9,3.402,0.696,9703.6,3.73,1,human
1489.5,376.5,7,0.2233,10,5318.2,2.304,0.637,7237.0,3.588,1,human
5223.7,919.6,4,0.2808,7,1065.3,2.992,0.372,5815.7,5.302,1,human
5093.6,1245.2,10,0.2528,12,678.4,3.077,0.867,4618.0,4.393,1,human
4076.7,498.1,1,0.336,10,1908.2,2.409,0.774,9536.8,3.953,1,human
281.0,68.5,0,0.0154,3,284.5,0.273,0.399,414.5,4.619,0,gpt4
5099.0,834.2,6,0.3942,9,526.2,2.024,0.662,4285.7,3.084,1,human
365.3,60.5,0,0.1003,2,104.0,0.152,0.038,584.0,4.449,0,claude
4273.3,803.6,11,0.7889,9,2769.4,2.594,0.765,4091.5,3.8,1,human
2121.3,700.6,12,0.1096,12,952.3,2.269,0.888,10051.8,3.921,1,human
2612.3,573.3,0,0.4767,10,1177.6,3.099,0.755,8700.5,3.953,1,human
209.6,59.0,0,0.2659,0,119.4,0.501,0.256,527.8,4.569,0,claude
2906.4,931.3,5,0.3553,9,925.8,1.532,0.873,17726.2,3.905,1,human
1420.9,966.7,2,0.2301,7,394.7,2.615,0.648,7449.5,2.599,1,human
1990.8,134.4,11,0.2191,10,1035.8,3.358,0.796,7694.7,3.648,1,human
4773.7,910.2,3,0.145,10,8000.0,3.133,0.689,10761.3,3.587,1,human
5158.3,256.2,8,0.4841,5,834.3,2.215,0.79,8762.9,4.219,1,human
5217.0,397.7,6,0.2209,9,1608.2,2.515,0.696,8824.0,3.666,1,human
208.5,51.0,1,0.0087,0,228.3,0.664,0.363,300.0,4.17,0,mistral
3552.8,412.4,7,0.207,5,769.8,2.86,0.853,9795.2,3.852,1,human
226.2,98.1,0,0.1297,2,134.3,0.755,0.251,423.1,3.831,0,gpt4
337.7,76.0,1,0.1199,1,159.1,0.411,0.238,763.1,4.461,0,gpt4
3871.7,482.9,9,0.2411,7,397.2,2.841,0.776,6353.8,3.64,1,human
3899.7,480.6,7,0.6016,6,3460.2,3.347,0.772,5283.4,3.629,1,human
12030.8,1308.6,8,0.2727,6,2016.6,3.701,0.755,5234.7,3.432,1,human
3390.2,358.2,8,0.4732,10,649.9,3.563,0.64,3437.7,5.339,1,human
5537.5,483.1,0,0.3,11,1702.6,2.982,0.87,5001.4,4.081,1,human
4224.0,432.8,5,0.2347,7,1159.2,2.549,0.676,2604.0,4.014,1,human
374.5,53.8,1,0.1272,2,159.8,1.146,0.203,300.0,3.887,0,mistral
2621.3,1378.4,1,0.2512,6,1505.1,2.51,0.547,8845.6,3.141,1,human
2343.7,497.0,11,0.5479,8,441.0,3.369,0.767,5700.5,3.86,1,human
4751.2,823.5,30,0.5417,4,1401.5,3.124,0.475,9477.1,3.236,1,human
6367.3,776.5,7,0.2792,13,3043.0,3.12,0.9,8700.9,2.697,1,human
2914.5,845.0,7,0.2683,4,1817.9,2.653,0.861,4960.2,4.143,1,human
4164.2,324.2,9,0.5134,7,2487.7,1.954,0.89,6185.0,3.667,1,human
2658.5,306.3,5,0.2721,6,2158.6,2.378,0.921,10971.7,3.888,1,human
307.6,82.3,1,0.4375,0,146.0,0.814,0.254,427.4,4.131,0,mistral
7180.0,175.2,16,0.4522,8,494.6,1.639,0.732,10344.4,4.017,1,human
320.8,63.3,1,0.2067,2,53.9,0.521,0.236,642.7,4.583,0,mistral
2015.5,175.3,4,0.2054,11,2299.5,2.598,0.87,7773.7,3.731,1,human
461.9,53.6,1,0.2054,1,139.5,0.449,0.308,484.0,4.058,0,llama
309.4,47.2,1,0.0266,0,111.9,0.347,0.109,408.3,4.343,0,gemini
5268.3,213.9,0,0.2556,7,2772.7,2.899,0.731,8293.1,3.505,1,human
4946.6,381.7,11,0.1763,5,2376.4,2.073,0.683,8349.3,4.321,1,human
407.5,39.0,1,0.114,2,59.7,0.086,0.338,506.9,4.282,0,gemini
6513.9,421.1,3,0.1346,5,891.9,3.239,0.718,5015.1,2.952,1,human
2980.0,426.4,9,0.4171,14,2630.4,3.131,0.848,4686.9,3.043,1,human
5169.1,417.1,8,0.5137,9,859.8,3.241,0.634,3716.9,3.437,1,human
2158.4,420.1,10,0.0741,7,1732.3,3.156,0.942,12091.6,4.1,1,human
3542.2,461.4,6,0.2282,7,1307.1,2.936,0.585,6362.3,4.325,1,human
191.5,66.3,0,0.0705,0,238.3,1.217,0.151,349.0,4.546,0,gemini
2760.4,500.9,5,0.491,3,754.0,2.985,0.895,8914.6,3.673,1,human
2799.3,1485.7,3,0.3742,10,1624.7,3.149,0.811,5062.7,5.221,1,human
3517.7,908.2,5,0.2471,8,883.5,3.277,0.767,11846.2,4.65,1,human
4772.3,292.9,13,0.546,4,910.2,3.041,0.676,7016.9,2.904,1,human
4228.8,286.8,14,0.3373,6,500.5,2.722,0.629,4559.1,3.286,1,human
976.1,50.4,1,0.4404,0,151.7,1.228,0.119,635.1,3.714,0,llama
6577.1,155.0,8,0.1144,15,2013.4,3.219,0.888,5321.1,4.086,1,human
8433.5,394.6,2,0.3036,10,1886.4,3.218,0.72,6474.7,3.888,1,human
8798.4,358.6,5,0.2588,11,1620.7,2.532,0.804,9488.8,4.425,1,human
275.1,56.1,0,0.2391,1,64.6,1.603,0.289,313.5,4.253,0,gemini
2630.9,371.9,4,0.2215,10,862.9,1.784,0.551,3534.5,3.041,1,human
3975.6,1097.5,10,0.1797,11,1224.5,2.358,0.83,10738.1,3.943,1,human
11754.3,444.9,1,0.1268,7,1666.9,3.133,0.793,5335.4,3.877,1,human
3437.0,422.5,3,0.246,10,937.4,2.624,0.8,5854.7,4.835,1,human
434.8,93.3,1,0.0507,2,84.6,0.555,0.357,572.3,4.387,0,gemini
2365.7,332.4,8,0.4101,11,989.3,3.521,0.907,4957.8,4.165,1,human
232.2,50.5,0,0.1201,3,73.3,0.301,0.297,617.3,4.355,0,gpt4
289.1,63.2,1,0.0512,1,106.8,0.924,0.384,525.5,4.016,0,gpt4
395.8,36.7,1,0.0222,1,56.1,0.581,0.484,596.9,3.796,0,gemini
5750.3,329.9,10,0.0874,7,347.8,3.146,0.64,3678.5,2.952,1,human
4383.9,505.0,4,0.2066,7,907.9,2.675,0.607,6439.2,4.707,1,human
4576.9,320.1,1,0.2405,5,1458.5,2.32,0.679,9713.1,3.909,1,human
412.7,65.3,1,0.0294,4,88.3,1.51,0.332,812.5,4.715,0,claude
1579.1,309.3,9,0.4766,7,2185.7,3.002,0.798,6286.5,3.965,1,human
521.8,48.0,1,0.4846,0,115.7,1.041,0.048,301.7,4.351,0,llama
501.3,61.4,0,0.1074,0,121.2,0.536,0.164,646.4,3.984,0,gemini
304.9,64.1,1,0.0728,1,175.0,0.752,0.315,457.2,4.035,0,mistral
4454.8,2096.1,7,0.1408,8,1597.3,2.084,0.791,7858.3,4.941,1,human
3086.4,270.1,5,0.2521,7,1007.1,1.717,0.939,5307.6,3.245,1,human
3065.0,647.5,17,0.2273,7,916.7,3.004,0.735,13106.4,3.231,1,human
5475.1,204.8,7,0.2335,8,603.8,2.898,0.888,6203.5,2.908,1,human
4912.6,267.7,7,0.3835,7,929.9,3.193,0.925,8437.4,4.564,1,human
219.4,85.1,0,0.0404,1,112.3,0.483,0.056,795.8,4.526,0,claude
284.9,107.0,1,0.0238,0,165.5,0.255,0.334,526.4,3.934,0,gemini
4501.0,1885.7,5,0.5342,7,438.6,2.613,0.743,3111.3,3.907,1,human
213.9,72.4,0,0.0249,1,84.2,0.586,0.209,496.4,4.324,0,claude
497.0,62.3,1,0.0197,0,111.0,1.282,0.191,695.9,4.276,0,llama
3093.7,585.3,14,0.4597,7,600.1,2.638,0.839,7565.0,3.302,1,human
3086.7,459.1,7,0.4985,13,2073.9,2.429,0.74,3770.5,3.694,1,human
3546.5,1263.4,12,0.4616,3,126.6,3.446,0.659,6559.4,2.766,1,human
542.3,78.6,0,0.0778,0,181.5,1.736,0.099,300.0,4.505,0,gemini
4116.6,249.6,7,0.0181,8,2195.0,3.239,0.707,5970.1,3.091,1,human
2096.0,171.4,6,0.2659,7,1351.9,3.441,0.844,10466.6,4.914,1,human
3182.5,450.0,4,0.3238,7,1414.6,2.355,0.789,5431.3,3.56,1,human
671.1,57.3,3,0.3679,3,151.7,0.92,0.336,793.0,4.539,0,gpt4
4050.1,318.8,11,0.2215,4,957.8,2.967,0.814,2261.7,3.572,1,human
2555.5,306.1,10,0.4797,2,1731.7,1.586,0.788,2123.0,2.871,1,human
2122.2,2069.2,14,0.2435,6,3086.5,2.874,0.643,3279.2,4.16,1,human
252.0,134.8,1,0.0682,0,133.3,1.142,0.107,404.5,4.566,0,gpt4
3118.1,182.9,4,0.1202,4,2499.0,2.959,0.894,8892.0,3.08,1,human
3667.2,342.5,12,0.4021,7,1107.5,2.662,0.76,5115.5,4.13,1,human
7198.2,439.4,8,0.3546,7,947.7,2.332,0.614,13571.8,3.545,1,human
539.7,62.9,2,0.049,1,77.8,0.153,0.222,651.2,4.367,0,mistral
4166.8,644.3,8,0.1507,4,1021.2,3.477,0.82,11442.7,3.513,1,human
266.2,57.0,0,0.0291,0,300.6,0.22,0.194,426.6,4.548,0,claude
5413.0,566.7,12,0.1237,11,5075.2,1.534,0.867,4707.2,3.672,1,human
4225.3,503.0,9,0.2232,6,2267.0,2.495,0.876,13542.2,4.507,1,human
256.1,51.3,0,0.0986,0,160.1,0.508,0.232,439.3,4.673,0,claude
267.9,51.9,0,0.0782,1,141.3,0.939,0.215,717.7,4.835,0,claude
323.6,93.0,0,0.0364,2,140.4,0.409,0.056,485.8,4.594,0,claude
191.4,64.0,3,0.0202,2,70.1,0.318,0.39,444.2,4.532,0,gpt4
104.2,69.6,1,0.0298,2,158.1,0.141,0.328,493.4,3.963,0,gpt4
3635.4,374.6,10,0.4468,7,828.1,2.41,0.678,11452.3,3.795,1,human
347.4,87.2,0,0.1481,2,210.2,0.205,0.16,469.1,4.172,0,claude
5741.5,598.6,1,0.4386,12,1114.0,3.54,0.79,11533.0,3.586,1,human
185.5,103.7,1,0.1719,2,62.5,2.357,0.215,375.9,4.794,0,llama
3814.2,292.6,3,0.2826,9,2714.6,3.05,0.82,8696.0,2.985,1,human
10054.0,480.7,5,0.3543,8,1190.6,2.953,0.849,11814.0,3.917,1,human
2727.4,137.0,9,0.2409,7,1015.3,3.362,0.845,4465.6,3.248,1,human
271.2,60.3,1,0.1276,1,81.0,0.239,0.334,313.2,4.651,0,claude
344.9,52.2,0,0.0408,1,169.7,1.52,0.138,925.3,4.162,0,llama
2741.7,224.1,11,0.3209,11,2074.3,2.94,0.856,4027.1,3.747,1,human
1868.6,193.7,21,0.4389,10,1471.8,2.886,0.509,5604.4,4.175,1,human
1085.9,341.3,10,0.3226,8,1420.2,2.398,0.625,9122.7,4.084,1,human
533.5,47.6,4,0.0883,0,67.3,0.527,0.17,741.2,4.235,0,mistral
301.1,73.7,1,0.0631,1,250.5,0.222,0.49,559.3,4.111,0,claude
6393.8,543.8,7,0.2503,10,546.1,2.595,0.852,7252.8,2.96,1,human
294.0,65.2,1,0.0675,1,106.5,0.646,0.184,473.3,4.185,0,gpt4
4250.1,438.6,2,0.3073,9,2961.0,3.239,0.576,9966.3,4.479,1,human
3654.9,308.7,12,0.1775,6,1217.6,3.461,0.563,5998.6,3.79,1,human
4263.5,625.4,4,0.1374,12,1600.8,3.174,0.752,3466.6,3.589,1,human
2537.5,151.2,7,0.1131,6,792.3,2.85,0.686,7043.3,3.119,1,human
4947.9,315.5,8,0.0554,18,1799.0,2.508,0.614,15804.3,3.95,1,human
5201.1,392.1,6,0.0171,8,383.0,2.038,0.864,5674.3,4.663,1,human
254.3,77.5,2,0.0657,1,114.7,0.894,0.055,617.7,4.212,0,claude
612.5,54.9,0,0.0984,1,59.5,0.621,0.594,567.4,4.014,0,mistral
2597.2,513.0,9,0.331,7,1518.1,2.903,0.754,7320.6,3.966,1,human
192.1,52.3,1,0.2055,1,159.4,0.033,0.209,532.0,4.153,0,claude
196.5,92.6,0,0.0761,2,107.6,0.083,0.187,483.1,3.972,0,claude
254.7,91.3,1,0.0476,2,90.3,0.716,0.356,497.4,4.082,0,claude
3188.0,479.7,8,0.0436,10,3987.8,2.395,0.807,8610.8,4.437,1,human
1708.6,231.0,7,0.1869,10,1987.6,2.186,0.632,6232.1,4.079,1,human
347.6,76.2,1,0.1011,0,76.6,1.532,0.394,389.4,3.878,0,llama
3275.0,260.1,17,0.4355,6,1293.1,2.003,0.684,3952.1,3.391,1,human
3797.8,524.8,2,0.2319,9,932.2,1.723,0.813,6539.6,4.015,1,human
10387.9,498.7,8,0.2862,8,1560.4,3.054,0.588,5927.7,4.015,1,human
8739.2,1023.1,6,0.2883,6,1515.5,1.898,0.722,4322.2,3.695,1,human
4527.0,253.8,8,0.5227,8,1550.5,2.477,0.862,15935.7,4.741,1,human
1968.3,333.5,5,0.3507,6,2773.7,2.296,0.673,4614.4,3.576,1,human
770.2,40.6,0,0.3853,2,189.4,0.542,0.28,524.0,4.584,0,gemini
2483.8,161.5,12,0.5303,10,546.9,3.189,0.834,8408.2,2.96,1,human
3359.4,663.6,4,0.4387,5,1298.1,2.445,0.853,8677.3,3.808,1,human
1169.3,468.3,6,0.256,10,2872.3,3.337,0.81,7975.2,4.211,1,human
328.6,42.6,1,0.0327,2,104.6,0.305,0.156,389.7,4.275,0,mistral
1990.7,238.2,6,0.469,7,1374.2,3.148,0.783,7423.9,3.769,1,human
5024.8,692.9,1,0.172,8,459.5,2.441,0.798,7986.3,3.369,1,human
257.9,60.0,2,0.0881,0,125.9,0.447,0.109,562.2,3.948,0,llama
541.7,101.3,1,0.0657,2,205.9,0.819,0.12,414.0,4.774,0,mistral
5587.4,1632.6,5,0.4464,5,1276.6,1.893,0.448,9174.8,4.847,1,human
241.1,60.0,0,0.0257,0,35.6,0.977,0.053,613.3,4.184,0,claude
2824.7,652.7,7,0.1944,4,640.6,3.168,0.777,5162.1,3.73,1,human
405.9,63.6,0,0.0707,1,143.9,0.474,0.426,300.0,4.455,0,gemini
3738.6,577.1,9,0.2547,12,1516.0,3.346,0.646,5155.4,3.404,1,human
3037.7,292.4,18,0.3261,5,611.7,2.871,0.784,15543.3,3.835,1,human
224.0,78.4,0,0.0045,1,86.9,1.41,0.256,560.0,4.523,0,claude
2433.3,810.6,3,0.1207,12,634.1,2.896,0.691,4420.0,2.349,1,human
2159.6,564.0,9,0.2995,8,2800.7,3.299,0.88,7673.0,2.981,1,human
345.1,89.9,2,0.2115,1,79.2,1.41,0.39,448.5,4.572,0,mistral
291.1,63.9,0,0.0668,0,160.0,0.504,0.074,646.0,4.233,0,gpt4
842.9,83.8,1,0.046,0,188.3,1.125,0.238,465.8,4.339,0,gemini
5671.1,738.3,2,0.0934,4,2213.4,2.353,0.438,5981.8,3.599,1,human
15679.1,428.6,9,0.2297,11,2941.0,2.856,0.414,8670.7,3.988,1,human
3578.5,324.2,11,0.1202,9,1777.1,2.63,0.728,4970.9,4.656,1,human
418.6,78.2,0,0.0926,2,204.0,1.566,0.406,414.8,4.503,0,gpt4
5280.0,642.6,0,0.133,7,693.4,3.314,0.802,7863.3,4.408,1,human
368.7,59.4,1,0.4536,1,215.4,0.507,0.211,300.0,4.489,0,gpt4
4162.1,651.6,18,0.2986,8,1232.5,2.262,0.733,11577.3,3.254,1,human
3986.8,644.0,6,0.3866,7,1068.3,2.428,0.792,5399.6,3.945,1,human
1717.6,350.8,2,0.1418,12,3998.7,2.319,0.744,6567.2,4.546,1,human
390.0,48.1,1,0.0642,1,103.0,0.388,0.386,511.9,3.914,0,gemini
384.4,33.2,1,0.0476,0,130.3,0.964,0.082,409.9,4.304,0,llama
3913.6,631.2,7,0.4183,7,978.9,1.656,0.613,7148.4,3.884,1,human
230.6,93.8,1,0.0219,0,94.0,1.064,0.333,623.3,3.928,0,gemini
2667.5,427.1,5,0.2451,10,1316.0,1.623,0.725,6612.4,4.354,1,human
1451.5,1027.8,4,0.3374,9,1223.3,2.863,0.727,4370.7,3.62,1,human
336.1,92.6,0,0.0115,0,270.2,1.439,0.099,486.2,4.359,0,gpt4
3574.5,1313.6,6,0.4171,7,894.0,2.91,0.809,6191.9,3.908,1,human
6815.1,1060.2,14,0.2255,13,1221.1,2.979,0.644,10559.3,3.129,1,human
429.7,58.3,4,0.259,0,96.8,0.598,0.396,308.7,4.542,0,mistral
208.3,86.4,2,0.1994,0,200.1,1.752,0.385,562.5,4.483,0,mistral
3415.8,560.8,1,0.4238,7,570.7,2.999,0.671,4949.4,3.583,1,human
256.8,61.1,1,0.0802,2,258.5,0.385,0.167,418.3,4.471,0,gpt4
4821.4,468.4,7,0.1616,12,5039.8,2.629,0.769,4751.4,3.626,1,human
221.3,69.0,0,0.0718,1,187.7,0.62,0.325,441.1,4.117,0,claude
11690.3,333.6,4,0.1601,6,2467.4,3.244,0.729,12147.2,3.163,1,human
4736.6,324.7,7,0.154,12,295.8,3.253,0.777,5408.9,3.415,1,human
3131.0,513.1,8,0.3126,7,1165.8,2.639,0.728,8643.3,4.124,1,human
8528.6,246.2,3,0.2376,12,251.8,2.489,0.513,4141.7,3.609,1,human
352.7,105.4,0,0.0325,1,304.9,0.169,0.417,715.4,4.514,0,mistral
4519.4,960.1,6,0.2371,6,1212.1,3.094,0.94,6139.4,4.093,1,human
6069.0,1066.4,5,0.2776,9,2561.3,3.468,0.821,5973.0,3.475,1,human
323.3,94.6,4,0.1056,1,209.4,0.765,0.174,528.0,4.553,0,mistral
331.0,44.8,2,0.1568,1,189.1,0.579,0.239,665.4,4.603,0,gpt4
4765.9,1117.1,16,0.3483,9,411.7,2.56,0.754,6248.0,3.799,1,human
4833.4,440.6,6,0.4001,10,1180.6,3.108,0.864,5403.9,3.449,1,human
1989.8,2123.9,11,0.3684,4,2525.8,2.74,0.739,7222.3,4.523,1,human
2634.9,516.1,15,0.2686,9,1930.0,3.163,0.975,6637.8,3.741,1,human
1962.7,316.0,5,0.4867,5,261.0,2.574,0.616,11477.3,3.77,1,human
1461.8,1098.9,17,0.2918,10,1226.1,2.91,0.866,7038.8,4.404,1,human
2343.1,319.8,7,0.0945,5,2948.0,2.6,0.913,8664.2,4.76,1,human
198.3,83.0,0,0.2003,0,195.8,0.931,0.199,485.4,3.738,0,mistral
3260.1,592.8,10,0.328,7,1890.8,3.751,0.704,7514.3,3.343,1,human
2243.2,544.9,13,0.228,6,837.9,2.045,0.952,6291.0,3.814,1,human
4174.1,1137.9,5,0.1218,5,2349.5,1.694,0.769,6339.5,3.62,1,human
486.1,48.3,3,0.1384,0,78.2,1.616,0.367,490.7,4.745,0,llama
592.7,72.3,0,0.3776,1,138.1,1.148,0.127,300.0,4.155,0,gpt4
316.8,114.9,1,0.0203,1,104.9,0.142,0.156,789.7,4.63,0,gpt4
3570.7,616.0,12,0.6279,5,378.8,2.209,0.931,12547.1,3.5,1,human
3250.5,310.0,12,0.1822,7,1095.5,3.19,0.498,4847.5,4.154,1,human
372.7,70.2,1,0.0286,1,120.1,0.708,0.212,445.6,4.281,0,gemini
281.2,75.1,2,0.0039,3,128.7,1.606,0.427,537.7,4.206,0,mistral
276.0,61.9,0,0.0091,2,93.1,1.394,0.159,443.6,4.498,0,claude
2452.2,326.8,11,0.4009,10,286.6,2.872,0.515,9030.1,4.102,1,human
358.9,42.4,2,0.2896,1,108.6,0.15,0.414,803.6,3.974,0,gpt4
3954.6,529.3,0,0.2452,8,1538.5,1.576,0.639,6751.1,3.208,1,human
7970.0,571.5,5,0.7161,9,1421.8,3.379,0.782,8974.9,2.539,1,human
1602.9,320.2,8,0.362,7,4021.5,3.395,0.751,7589.7,3.196,1,human
378.8,51.6,1,0.0957,0,140.1,1.164,0.379,432.3,4.21,0,gemini
3447.5,334.5,7,0.1573,11,1678.4,2.364,0.582,5906.8,3.303,1,human
7925.3,703.1,6,0.1624,16,550.0,2.176,0.588,2927.1,3.379,1,human
243.3,57.7,1,0.042,2,100.3,0.529,0.178,690.2,4.652,0,gpt4
232.4,22.3,2,0.146,2,131.8,0.598,0.169,450.7,4.451,0,gpt4
5860.4,1489.4,13,0.5219,5,2092.5,1.092,0.758,6843.4,3.893,1,human
4052.0,190.0,7,0.1561,9,321.5,2.858,0.753,3959.4,3.649,1,human
495.1,47.3,0,0.2649,1,263.3,1.228,0.225,941.1,4.309,0,gemini
339.5,77.9,1,0.1159,1,63.6,1.019,0.223,811.4,4.042,0,gemini
4924.7,316.6,20,0.0509,9,5892.9,3.186,0.704,3847.5,3.827,1,human
1759.1,533.6,6,0.2667,5,189.0,2.059,0.924,6047.7,3.573,1,human
2733.9,837.5,12,0.0983,13,1060.6,2.273,0.471,4636.0,4.093,1,human
3229.2,367.9,4,0.452,5,3147.9,3.002,0.671,5381.7,3.912,1,human
4144.8,283.1,11,0.3598,9,2153.1,3.411,0.913,5880.5,3.225,1,human
236.9,81.3,1,0.0538,1,123.1,0.527,0.238,627.2,3.894,0,gpt4
205.6,36.3,0,0.1798,0,197.7,0.482,0.383,423.0,3.981,0,gpt4
3196.1,435.4,8,0.2479,10,2154.8,3.143,0.626,7394.6,3.984,1,human
3616.6,548.9,8,0.1545,8,2781.6,2.465,0.722,7267.0,3.4,1,human
420.6,65.4,1,0.195,3,56.9,0.117,0.367,348.6,4.212,0,gpt4
4878.8,234.6,8,0.2466,7,630.1,1.547,0.736,8308.9,2.803,1,human
3390.2,304.2,8,0.2918,2,1851.2,2.913,0.467,3667.5,5.209,1,human
3579.3,252.2,0,0.4534,12,4812.4,2.731,0.586,5086.5,4.195,1,human
4500.5,262.2,10,0.329,5,1134.8,1.567,0.569,4374.1,3.652,1,human
9304.2,612.7,5,0.2921,4,2243.6,2.783,0.63,6132.6,3.583,1,human
2868.5,472.3,1,0.6541,10,2669.0,2.282,0.736,10829.1,3.658,1,human
2411.0,294.9,4,0.5971,7,1070.8,2.642,0.633,4880.2,4.144,1,human
713.4,64.4,2,0.0488,2,115.9,0.656,0.261,379.2,4.027,0,llama
3848.5,540.2,7,0.2245,5,1976.9,2.736,0.811,8401.6,4.257,1,human
497.8,86.4,3,0.0896,1,50.4,0.344,0.129,564.1,4.401,0,mistral
408.4,54.5,1,0.015,1,207.8,0.277,0.268,500.4,3.98,0,gpt4
332.6,92.1,1,0.0325,2,150.7,0.526,0.218,581.8,4.723,0,gpt4
362.8,54.3,0,0.1036,0,127.4,1.404,0.293,374.2,4.142,0,gemini
7184.4,901.5,10,0.3331,7,734.1,2.97,0.641,4357.0,3.465,1,human
3982.0,320.5,4,0.1785,8,2341.6,3.431,0.966,3514.8,3.943,1,human
4545.3,436.0,10,0.5812,6,3439.9,2.639,0.825,6787.4,4.127,1,human
333.2,57.6,1,0.0504,1,333.8,0.41,0.223,417.8,4.157,0,claude
6043.6,157.0,3,0.3156,11,1708.1,2.956,0.883,4066.5,4.866,1,human
4668.0,273.1,15,0.0696,9,2819.3,2.184,0.926,3931.2,2.476,1,human
5396.1,437.1,13,0.1055,12,544.5,1.65,0.648,6529.3,3.755,1,human
551.9,72.3,1,0.1894,1,61.4,2.437,0.278,348.2,4.406,0,llama
6091.8,463.4,12,0.538,7,1739.1,1.844,0.737,9174.8,3.829,1,human
2152.6,633.9,6,0.1483,13,1062.2,3.367,0.624,11404.0,3.886,1,human
2817.4,303.0,8,0.2568,9,1415.3,3.071,0.753,5368.8,3.521,1,human
4731.7,782.9,7,0.367,10,1309.2,3.072,0.838,12607.9,4.516,1,human
235.7,69.7,0,0.0234,2,115.1,0.431,0.224,395.1,3.926,0,claude
4061.1,414.6,4,0.4081,9,1680.3,1.796,0.93,5339.8,3.052,1,human
314.1,43.7,1,0.037,1,90.0,0.948,0.128,530.7,4.253,0,gpt4
259.7,52.5,0,0.0124,4,133.6,1.095,0.424,416.0,3.846,0,gpt4
3714.6,410.0,5,0.2867,6,876.4,1.531,0.875,3215.8,3.496,1,human
218.5,44.6,0,0.3218,2,123.5,0.618,0.057,361.4,4.327,0,mistral
1801.3,845.6,8,0.2088,7,543.0,3.149,0.557,5836.0,3.689,1,human
3506.9,218.6,12,0.0909,10,504.7,2.128,0.602,4948.7,3.513,1,human
2314.0,686.3,9,0.2902,8,1270.8,3.325,0.88,6177.8,3.798,1,human
7471.9,268.2,12,0.3882,6,939.3,3.356,0.774,10576.1,3.767,1,human
387.3,74.2,1,0.0256,1,82.7,0.995,0.118,425.0,3.933,0,claude
279.5,97.3,1,0.2399,1,89.4,0.197,0.108,682.3,4.389,0,claude
4223.8,433.5,5,0.1942,4,2808.8,2.406,0.738,4527.9,3.967,1,human
1985.9,1322.8,11,0.5537,1,2019.5,1.995,0.752,6437.4,3.589,1,human
2184.0,403.3,7,0.3664,8,1477.6,3.12,0.854,8425.9,4.258,1,human
2185.5,852.8,7,0.2728,9,1742.8,1.979,0.607,4685.2,3.706,1,human
369.9,52.5,0,0.1224,3,98.1,0.599,0.531,570.1,3.907,0,gpt4
3154.0,215.8,13,0.0131,11,1140.8,3.22,0.97,5881.1,3.024,1,human
322.7,54.1,1,0.2771,1,89.5,1.585,0.088,468.0,3.71,0,gpt4
658.3,97.1,0,0.5017,0,141.5,0.704,0.153,446.7,4.12,0,llama
3747.4,1722.4,4,0.7232,3,1230.3,2.584,0.511,4302.8,4.458,1,human
257.8,81.9,3,0.0553,1,86.4,0.655,0.283,854.9,4.969,0,gpt4
391.0,41.7,2,0.1536,2,104.6,0.76,0.118,385.2,4.468,0,gpt4
3320.0,604.7,2,0.048,8,536.6,1.74,0.321,5861.3,4.173,1,human
454.8,113.2,0,0.3376,3,163.2,0.35,0.425,444.7,4.443,0,gpt4
956.0,56.7,0,0.0826,3,102.7,0.309,0.037,422.1,4.238,0,llama
265.5,53.1,0,0.0005,1,135.1,0.419,0.116,445.6,3.888,0,claude
2071.2,427.5,10,0.0831,6,669.5,1.604,0.773,6121.3,4.106,1,human
6085.1,178.8,14,0.3688,10,2075.8,1.543,0.751,9621.2,4.225,1,human
3404.1,376.7,9,0.0999,7,1664.3,1.87,0.821,6861.0,4.117,1,human
254.9,57.0,0,0.4248,1,84.7,0.96,0.149,514.2,4.183,0,gpt4
598.2,77.9,4,0.1082,0,273.1,0.651,0.055,418.3,4.096,0,llama
244.9,81.3,1,0.1106,0,234.1,0.458,0.161,481.3,4.243,0,gemini
266.4,57.9,1,0.1607,1,122.9,0.31,0.235,404.0,4.731,0,gpt4
590.0,53.6,1,0.212,0,102.4,1.304,0.144,758.1,4.373,0,mistral
6253.0,1184.5,3,0.5603,15,1695.7,2.796,0.556,4311.5,3.882,1,human
4658.9,500.0,7,0.266,9,2103.4,1.389,0.875,5610.0,3.229,1,human
2111.2,454.5,7,0.2125,7,1113.5,3.061,0.78,4701.3,3.551,1,human
3958.5,586.1,5,0.0542,3,798.1,2.523,0.859,4487.3,4.24,1,human
483.2,67.4,0,0.0631,1,138.3,0.425,0.223,502.3,3.916,0,gpt4
5400.0,185.2,7,0.2234,6,1193.3,3.23,0.704,6063.0,4.123,1,human
3116.3,393.2,6,0.3251,10,3495.5,1.491,0.834,2633.4,3.163,1,human
417.1,43.4,0,0.0128,0,132.6,0.292,0.162,450.2,4.62,0,mistral
5747.4,528.2,5,0.3067,4,740.6,1.995,0.761,11900.8,3.452,1,human
442.6,70.5,0,0.1246,1,118.4,0.949,0.137,548.8,4.341,0,gemini
195.4,61.3,0,0.1932,1,191.3,0.565,0.007,335.9,4.333,0,claude
3375.3,398.5,7,0.5033,11,1694.4,2.742,0.759,10955.2,3.481,1,human
413.8,55.0,2,0.0545,3,131.8,1.129,0.349,594.5,4.441,0,mistral
6731.7,510.2,9,0.3852,8,2189.5,2.376,0.462,11940.4,2.692,1,human
651.4,62.4,0,0.0445,1,78.3,0.167,0.285,425.2,4.09,0,gpt4
4708.5,1290.1,3,0.1635,11,1531.0,2.792,0.818,4046.9,4.704,1,human
3031.6,509.9,20,0.2075,3,2483.1,1.461,0.605,8682.7,3.619,1,human
2672.8,466.9,10,0.2959,5,2427.4,3.703,0.554,8456.3,4.548,1,human
3158.6,564.6,10,0.3089,10,2364.3,3.376,0.601,4170.7,3.81,1,human
675.4,53.6,1,0.0755,2,122.3,1.468,0.608,590.1,4.602,0,gemini
236.3,60.0,0,0.1284,0,83.1,0.421,0.191,472.7,4.023,0,mistral
3218.7,206.8,5,0.2848,13,1831.6,3.138,0.893,6185.5,4.268,1,human
4678.7,353.3,3,0.5705,13,1336.8,3.41,0.536,8031.5,3.757,1,human
895.6,57.0,1,0.1304,2,115.0,0.78,0.386,443.2,4.417,0,mistral
198.0,38.0,1,0.0161,1,77.9,1.019,0.459,707.9,4.245,0,claude
2732.9,321.3,13,0.2884,5,2155.6,2.519,0.834,6963.3,2.589,1,human
5501.8,319.5,9,0.2868,10,592.6,2.491,0.482,6459.4,4.488,1,human
3040.9,565.4,11,0.3752,8,620.0,1.154,0.828,8406.9,4.317,1,human
2395.6,455.1,7,0.1383,14,2413.1,2.925,0.667,4259.0,3.671,1,human
2809.5,772.6,4,0.1247,8,683.4,2.367,0.557,5194.3,3.471,1,human
238.5,80.3,1,0.1055,0,218.6,1.687,0.299,687.0,4.211,0,llama
4466.8,735.4,9,0.2035,7,1915.9,2.96,0.858,8621.7,3.472,1,human
5212.6,1124.7,11,0.1383,11,3370.7,2.881,0.62,8118.6,3.959,1,human
188.5,66.7,1,0.2151,1,82.3,0.393,0.096,498.7,4.112,0,llama
377.1,76.9,2,0.0146,1,111.3,0.615,0.244,1177.1,4.684,0,gemini
2468.1,259.2,5,0.2612,8,1221.8,2.478,0.311,5902.0,4.318,1,human
8313.0,654.1,10,0.2435,14,1881.4,3.128,0.746,8474.9,3.675,1,human
2807.6,838.7,6,0.113,3,1931.8,1.311,0.89,6136.0,3.067,1,human
5368.4,457.7,3,0.3578,8,1072.1,3.092,0.429,9258.1,3.365,1,human
5099.6,697.7,5,0.3136,7,1627.7,2.061,0.843,6659.1,3.98,1,human
866.6,78.6,2,0.2069,1,48.4,0.283,0.361,500.0,4.272,0,llama
2676.0,240.8,4,0.177,6,1863.8,2.087,0.859,8292.4,3.816,1,human
2425.0,436.6,7,0.0879,6,954.3,2.175,0.673,2344.4,4.38,1,human
3924.1,466.7,17,0.5509,8,1253.9,2.809,0.794,4036.5,2.742,1,human
4778.2,453.5,5,0.4286,7,511.7,2.501,0.856,6884.5,3.282,1,human
6174.6,752.6,11,0.4015,9,1121.6,3.159,0.668,6860.4,3.185,1,human
5369.7,773.9,8,0.3829,11,3662.9,2.541,0.689,5992.3,3.63,1,human
5870.5,190.9,7,0.1199,4,901.8,2.921,0.627,4487.7,4.083,1,human
4442.8,367.4,17,0.4326,6,757.3,2.322,0.847,8206.5,4.09,1,human
345.7,74.5,2,0.2008,2,79.2,1.696,0.15,568.6,4.15,0,gemini
209.1,114.4,0,0.01,0,128.5,0.914,0.066,478.0,3.801,0,gpt4
205.8,146.6,4,0.1011,0,160.2,0.308,0.348,510.2,4.225,0,gemini
3774.6,319.1,6,0.2144,8,1528.8,1.063,0.794,6077.6,2.974,1,human
196.5,84.0,0,0.0305,2,165.0,0.485,0.261,578.0,4.03,0,claude
562.7,65.8,2,0.3633,1,114.7,0.43,0.271,327.8,3.925,0,mistral
2167.0,657.4,12,0.3722,4,3158.6,2.459,0.572,7558.2,3.24,1,human
474.4,75.3,1,0.0259,3,96.9,1.199,0.126,533.0,4.193,0,llama
301.5,54.8,2,0.1522,1,96.4,0.561,0.41,547.5,4.369,0,gpt4
1060.9,71.4,2,0.0908,2,87.5,1.16,0.233,740.2,4.242,0,gemini
6936.0,143.5,10,0.3888,7,352.9,2.943,0.924,10181.8,3.717,1,human
2263.1,288.2,8,0.444,8,1719.1,2.097,0.661,5646.7,3.835,1,human
8892.9,566.5,2,0.324,9,385.5,2.086,0.863,6855.1,3.562,1,human
382.7,127.0,0,0.1746,3,270.5,0.842,0.428,476.5,4.206,0,mistral
2018.2,389.6,9,0.5468,6,354.7,3.358,0.883,4395.6,3.817,1,human
430.3,103.7,1,0.1814,2,55.1,0.663,0.265,583.2,3.736,0,mistral
5682.1,488.0,3,0.3963,6,3337.4,2.024,0.846,5573.8,4.085,1,human
5652.2,703.6,8,0.1124,9,1803.1,1.549,0.885,9131.0,3.815,1,human
1510.5,587.3,9,0.4089,5,1834.7,2.661,0.854,3784.8,3.852,1,human
6944.8,604.7,8,0.1326,10,1036.5,2.487,0.543,3480.9,3.007,1,human
1991.6,636.2,1,0.1524,11,780.9,3.561,0.882,5793.6,3.634,1,human
420.2,57.6,0,0.1488,2,92.9,0.537,0.163,549.3,4.29,0,mistral
11808.7,1188.0,5,0.3564,6,1500.6,1.615,0.699,10637.4,4.336,1,human
3017.2,1615.0,16,0.2409,6,1934.2,2.075,0.727,4213.3,4.361,1,human
253.7,71.3,1,0.0123,2,160.9,0.639,0.056,429.7,4.379,0,claude
556.0,84.0,1,0.0623,0,123.3,2.271,0.169,421.9,4.274,0,llama
324.2,99.7,1,0.2683,3,104.3,1.149,0.079,639.7,4.26,0,mistral
3336.2,1169.6,11,0.2357,9,2041.0,2.691,0.714,5549.2,3.606,1,human
3996.8,560.1,7,0.4607,7,535.7,1.925,0.862,11349.2,2.834,1,human
2105.8,283.7,5,0.4693,6,927.5,3.026,0.6,3589.1,3.991,1,human
1090.6,65.9,1,0.1136,0,136.6,0.993,0.269,414.9,3.958,0,llama
4387.8,1350.2,11,0.2351,8,1517.9,1.584,0.564,5483.8,4.112,1,human
688.2,32.5,2,0.0564,1,141.8,0.646,0.072,606.8,3.499,0,llama
359.8,86.0,2,0.1256,0,118.2,1.424,0.059,511.6,4.363,0,llama
412.0,71.4,1,0.1486,0,196.3,0.505,0.229,351.8,4.006,0,gemini
5332.0,558.0,9,0.4786,11,2216.4,3.384,0.854,4551.8,4.392,1,human
323.4,101.1,1,0.0364,2,81.0,1.353,0.345,384.6,3.805,0,claude
200.9,79.5,0,0.0963,2,128.7,1.227,0.152,534.8,4.538,0,gemini
371.6,84.9,3,0.1285,1,126.8,0.544,0.336,320.6,4.104,0,mistral
415.6,64.1,2,0.2621,0,151.4,1.641,0.154,544.2,4.465,0,llama
217.5,122.3,1,0.043,1,121.8,0.35,0.162,742.1,4.068,0,gpt4
7128.6,639.0,9,0.3098,7,551.5,2.331,0.612,12475.8,3.508,1,human
2471.7,370.7,4,0.2011,14,219.0,1.972,0.83,5993.3,4.889,1,human
380.6,62.0,0,0.233,1,170.1,0.236,0.178,513.7,4.586,0,mistral
5772.4,536.2,11,0.4477,4,3436.7,2.776,0.789,3267.2,4.47,1,human
380.3,61.4,0,0.0452,0,94.9,0.873,0.265,658.4,4.105,0,claude
635.3,56.7,1,0.1079,2,85.9,0.323,0.463,430.3,5.025,0,mistral
7181.7,517.8,3,0.1373,12,503.6,2.958,0.5,5980.7,4.435,1,human
222.6,49.3,2,0.0647,2,126.4,0.814,0.321,442.8,4.288,0,gpt4
5448.0,155.0,11,0.0276,5,1855.8,0.928,0.685,4327.2,3.328,1,human
591.5,126.0,2,0.3074,3,74.7,0.076,0.271,427.0,4.029,0,gemini
299.6,87.1,0,0.103,3,93.3,0.244,0.299,592.0,3.511,0,claude
328.5,47.3,0,0.0306,1,220.0,1.849,0.308,341.4,4.904,0,claude
350.3,57.0,2,0.0422,0,212.9,1.012,0.037,318.6,4.179,0,claude
442.4,55.2,1,0.0828,1,127.2,0.309,0.36,705.2,4.126,0,mistral
2864.0,453.6,5,0.4769,5,2435.2,1.762,0.674,11437.5,4.854,1,human
262.7,94.2,0,0.0913,1,180.5,0.319,0.045,712.7,4.033,0,llama
333.8,68.9,0,0.138,0,172.0,0.405,0.165,426.6,4.564,0,gemini
2655.9,431.2,4,0.4971,5,2055.0,3.196,0.607,5335.8,3.691,1,human
3970.9,179.6,5,0.137,14,916.6,3.665,0.743,5107.8,3.185,1,human
4155.3,339.9,3,0.3853,10,1474.5,1.122,0.786,4848.1,4.821,1,human
331.8,64.9,1,0.1719,1,105.7,1.148,0.051,522.3,3.572,0,gemini
183.8,47.9,0,0.1108,1,94.0,1.353,0.161,696.5,4.721,0,gpt4
2694.2,910.0,9,0.1627,5,579.9,3.077,0.531,7065.7,4.166,1,human
9678.6,527.8,9,0.2151,5,655.8,1.821,0.795,9561.8,4.3,1,human
4162.0,744.0,20,0.4245,8,2195.0,2.875,0.809,7146.8,3.257,1,human
245.7,74.6,0,0.054,1,86.6,0.573,0.299,300.0,4.53,0,claude
8924.8,1077.8,10,0.2977,6,2493.0,2.835,0.849,12547.0,3.817,1,human
3198.1,308.6,1,0.5223,15,1286.9,2.408,0.601,6303.0,4.181,1,human
376.6,85.7,1,0.1936,1,116.0,1.304,0.238,465.7,3.961,0,llama
5463.5,337.9,8,0.3785,5,2559.5,2.505,0.819,4463.6,3.893,1,human
4784.9,352.1,3,0.491,10,1516.3,3.137,0.876,7514.3,2.619,1,human
4119.5,201.6,10,0.5805,4,213.4,2.111,0.507,7304.1,3.785,1,human
5202.5,586.4,8,0.29,7,409.8,3.035,0.876,6581.6,3.564,1,human
395.3,77.8,0,0.006,2,120.4,0.375,0.21,725.9,4.109,0,mistral
3182.0,266.4,3,0.4267,7,2776.2,2.141,0.735,12468.1,3.69,1,human
232.5,78.0,1,0.0376,0,82.7,0.322,0.498,467.9,4.76,0,gemini
2458.1,479.8,10,0.2972,6,2360.1,2.994,0.639,5046.9,2.706,1,human
6742.8,302.4,9,0.2394,6,4128.2,3.03,0.796,5864.4,3.569,1,human
247.4,97.1,0,0.0287,1,229.4,0.495,0.25,410.3,4.356,0,claude
278.9,62.2,0,0.0564,1,85.4,0.318,0.313,631.3,4.112,0,llama
342.3,61.8,0,0.2537,1,134.6,0.821,0.346,483.8,4.315,0,claude
510.4,66.1,1,0.2716,1,70.2,1.082,0.21,365.6,4.859,0,mistral
7884.9,169.3,3,0.1644,6,2378.4,2.805,0.838,12290.6,4.968,1,human
4518.9,424.8,7,0.2483,4,1044.0,3.492,0.641,5253.0,4.315,1,human
413.1,66.8,3,0.0447,0,130.0,1.206,0.137,642.6,3.84,0,llama
795.8,1548.7,2,0.2835,8,806.7,2.712,0.804,8722.3,4.291,1,human
4560.8,556.2,14,0.3099,4,1222.5,1.936,0.708,9625.8,4.25,1,human
1886.4,652.1,6,0.6073,5,345.6,3.091,0.659,12827.7,3.977,1,human
3402.0,587.6,12,0.4019,11,1489.8,2.483,0.818,3147.5,3.9,1,human
371.7,52.5,2,0.0871,3,181.5,0.8,0.173,535.7,4.613,0,mistral
225.3,55.5,0,0.0719,0,100.9,0.843,0.139,883.0,4.533,0,mistral
4201.9,298.6,11,0.2856,7,1133.3,3.32,0.863,5347.0,4.579,1,human
201.8,46.2,1,0.0545,1,131.0,0.685,0.201,515.7,3.848,0,claude
9354.1,627.3,12,0.3815,6,1362.4,2.406,0.557,3613.4,4.041,1,human
257.7,63.7,0,0.0964,0,128.1,1.442,0.118,300.0,4.179,0,llama
2167.9,403.3,5,0.1534,14,4291.8,3.05,0.542,7773.8,4.389,1,human
4034.4,303.9,8,0.2378,14,758.7,3.18,0.642,3377.2,4.267,1,human
314.1,79.1,0,0.0275,0,119.4,0.461,0.221,535.2,4.395,0,claude
322.9,59.3,1,0.1292,1,150.0,1.967,0.12,349.3,4.278,0,mistral
3743.7,383.6,10,0.3349,8,1817.4,3.457,0.96,6682.4,3.874,1,human
4478.3,762.8,7,0.1725,7,799.0,1.971,0.691,7939.4,4.309,1,human
5098.1,241.6,3,0.3005,7,1952.4,3.807,0.944,18132.4,3.953,1,human
1653.5,183.6,4,0.1229,6,930.1,2.814,0.629,7034.2,3.531,1,human
4413.0,899.3,21,0.2914,7,2996.4,2.498,0.706,11594.5,4.123,1,human
152.4,43.0,1,0.1023,0,87.8,0.409,0.134,407.4,4.575,0,gpt4
272.3,62.2,1,0.0563,1,129.5,1.023,0.225,432.4,4.152,0,gemini
4345.4,294.4,2,0.1608,11,4842.1,2.069,0.625,5622.7,4.104,1,human
276.5,42.8,0,0.0117,0,222.5,1.015,0.077,438.7,4.26,0,claude
3318.7,241.4,16,0.1686,10,1275.2,3.108,0.912,7155.6,3.829,1,human
6153.7,435.7,7,0.5978,8,3005.1,2.699,0.889,5954.9,4.022,1,human
1083.9,42.4,0,0.1643,0,106.0,0.64,0.308,406.4,4.785,0,llama
1813.1,246.0,2,0.3011,7,499.3,3.544,0.857,8228.7,3.308,1,human
8114.4,194.9,5,0.0542,9,821.4,3.234,0.937,5768.8,4.153,1,human
6915.5,210.4,12,0.1382,5,2014.3,3.42,0.588,11899.2,3.497,1,human
418.2,74.2,2,0.1981,2,195.6,0.555,0.38,336.5,4.117,0,gpt4
3173.3,1311.1,12,0.378,7,771.2,1.768,0.665,6413.9,4.342,1,human
226.9,137.4,1,0.1005,1,161.0,0.479,0.491,326.5,4.292,0,mistral
2753.0,385.1,6,0.4802,9,834.7,1.994,0.935,4026.7,4.413,1,human
282.7,60.9,1,0.0035,0,191.6,0.64,0.17,672.7,4.769,0,gpt4
4192.0,189.0,6,0.2595,8,1495.3,2.45,0.812,8122.3,2.932,1,human
9269.7,296.9,5,0.5136,8,3117.0,1.963,0.685,11215.0,4.275,1,human
3755.1,198.1,4,0.4612,4,406.7,2.996,0.791,4879.4,3.826,1,human
4146.9,1128.3,14,0.1441,5,1713.7,2.551,0.801,7253.3,3.609,1,human
6387.0,937.3,6,0.5303,7,1117.8,3.3,0.639,6793.1,2.838,1,human
358.3,67.1,1,0.3665,0,203.2,0.223,0.226,574.6,4.037,0,claude
693.9,83.9,0,0.1624,1,199.8,0.72,0.275,403.3,4.252,0,llama
3958.6,200.3,7,0.3271,7,1036.8,3.709,0.769,5433.2,4.5,1,human
3066.5,1634.4,8,0.27,10,1742.7,3.109,0.798,7589.0,3.112,1,human
476.9,82.5,1,0.1471,1,161.0,0.421,0.222,424.6,3.754,0,llama
3445.6,894.7,4,0.3926,10,1086.2,3.206,0.702,4170.7,4.418,1,human
3585.1,916.2,3,0.3897,5,1211.4,2.583,0.903,6712.8,3.981,1,human
9397.8,667.7,12,0.3852,8,667.7,2.833,0.541,4804.1,3.524,1,human
233.7,80.0,0,0.2462,0,104.0,0.75,0.221,427.6,4.09,0,gemini
3778.6,832.1,16,0.1981,7,380.3,1.878,0.782,2000.0,3.033,1,human
3718.2,1626.8,6,0.4082,10,1331.1,2.515,0.724,6832.6,2.979,1,human
414.9,107.4,1,0.0734,0,118.6,1.386,0.404,415.0,4.802,0,mistral
360.8,115.0,0,0.2544,0,147.5,0.84,0.161,576.2,4.057,0,llama
186.7,73.4,0,0.209,0,229.4,0.686,0.155,455.5,4.081,0,gpt4
3510.9,498.1,5,0.2157,13,3255.7,3.566,0.846,5296.9,3.238,1,human
379.6,64.7,0,0.1072,1,176.2,0.615,0.266,565.4,4.542,0,gemini
3153.3,453.5,9,0.1005,12,1642.6,2.456,0.85,6794.5,3.277,1,human
2288.1,727.4,8,0.3971,11,1243.7,3.081,0.902,9931.8,3.947,1,human
5916.1,408.9,4,0.5905,11,428.2,3.311,0.82,6896.8,4.164,1,human
2747.3,923.2,10,0.4684,5,590.0,2.438,0.779,6371.9,4.149,1,human
536.2,78.1,1,0.0787,2,143.1,0.465,0.165,547.9,4.392,0,llama
6111.0,562.9,5,0.3712,11,929.4,2.314,0.742,4432.4,3.617,1,human
2963.8,824.2,5,0.2038,9,1449.2,3.797,0.809,4392.6,2.924,1,human
826.5,65.5,2,0.0732,2,177.2,2.58,0.118,668.6,3.947,0,llama
2756.8,275.3,14,0.0745,12,245.2,1.568,0.733,6218.4,2.996,1,human
1935.7,599.1,3,0.2287,10,1956.9,3.208,0.948,9085.5,4.157,1,human
448.0,43.8,0,0.1282,1,122.8,1.57,0.224,526.6,4.416,0,gemini
3418.6,623.1,7,0.3441,14,2295.4,3.442,0.8,8368.0,2.89,1,human
2944.2,317.8,7,0.172,8,703.5,3.361,0.815,9990.3,3.356,1,human
258.3,57.3,0,0.1,0,124.8,1.075,0.35,300.0,4.385,0,gpt4
180.9,95.9,0,0.0377,2,98.3,0.675,0.174,650.0,4.426,0,claude
192.3,77.1,1,0.1052,1,98.6,1.001,0.541,422.3,4.589,0,gemini
5205.7,547.6,12,0.3484,10,2845.5,2.217,0.56,18114.2,3.683,1,human
2079.5,407.5,6,0.291,5,887.6,3.262,0.588,10995.9,3.203,1,human
248.2,52.9,1,0.0466,0,120.8,0.312,0.193,895.8,4.314,0,gpt4
268.9,72.0,0,0.0531,2,117.8,0.04,0.045,526.5,4.403,0,claude
7918.3,187.9,9,0.1274,7,788.6,1.383,0.765,6737.4,4.539,1,human
455.9,41.0,0,0.2771,2,61.6,0.226,0.183,606.3,4.414,0,gpt4
611.1,87.0,1,0.1349,0,141.5,0.555,0.309,606.9,4.098,0,llama
348.9,74.5,2,0.0398,0,180.6,0.579,0.237,497.2,4.136,0,gemini
3534.1,1492.2,3,0.545,9,1661.9,3.202,0.83,5524.1,3.509,1,human
4628.5,479.0,11,0.4603,12,1955.9,2.868,0.817,7266.1,2.594,1,human
393.1,65.3,0,0.0255,2,168.1,0.63,0.091,640.7,4.873,0,claude
3670.2,657.8,4,0.363,9,603.0,3.602,0.365,4880.4,3.884,1,human
5139.4,314.2,18,0.2505,6,531.8,3.044,0.781,6035.4,2.346,1,human
4034.2,304.1,6,0.2932,6,1593.6,2.907,0.484,11976.5,3.934,1,human
349.9,57.2,1,0.0152,0,72.1,1.014,0.277,424.6,3.652,0,gpt4
2359.5,295.0,8,0.1075,9,1374.9,3.263,0.727,14270.7,3.689,1,human
1999.6,134.8,13,0.1066,11,305.0,1.612,0.665,5276.0,3.403,1,human
1092.3,46.9,0,0.0816,1,93.2,0.392,0.102,566.6,4.242,0,llama
373.8,66.7,2,0.0086,1,146.1,0.887,0.324,300.0,4.121,0,llama
235.1,50.4,0,0.0531,3,84.6,0.836,0.179,406.4,3.973,0,claude
569.2,63.4,2,0.1767,1,136.4,0.464,0.406,457.6,4.487,0,gpt4
4812.1,385.8,8,0.2966,3,2207.0,2.51,0.865,4908.4,3.207,1,human
2540.9,671.2,4,0.1318,1,674.2,2.756,0.752,9336.7,4.84,1,human
485.2,131.1,2,0.1173,1,96.9,1.448,0.278,447.8,4.373,0,llama
5821.0,577.0,14,0.3782,14,2126.6,3.157,0.684,7458.0,3.867,1,human
306.8,93.3,0,0.1958,2,174.7,1.068,0.218,481.2,4.214,0,gemini
2792.8,714.4,10,0.54,11,1106.6,2.102,0.76,4291.2,4.853,1,human
12026.9,429.0,11,0.1927,9,526.1,2.559,0.85,8134.5,3.33,1,human
4630.9,510.1,3,0.4944,11,3159.1,1.855,0.701,12208.3,2.844,1,human
7256.5,637.1,8,0.3576,11,445.2,3.61,0.793,7207.3,3.799,1,human
5145.9,1017.8,13,0.2338,8,665.1,2.061,0.733,12899.8,4.39,1,human
5112.7,579.5,7,0.266,5,1875.8,3.321,0.597,7772.6,4.086,1,human
1030.7,41.2,2,0.0973,1,79.2,0.599,0.237,809.5,3.899,0,llama
3916.1,248.9,4,0.2906,12,8000.0,2.551,0.619,6292.6,3.774,1,human
1746.4,858.2,3,0.1185,12,1193.8,2.436,0.759,14800.9,4.586,1,human
6040.6,828.1,22,0.139,6,2033.6,2.344,0.662,6190.0,3.903,1,human
1698.6,888.5,10,0.2822,10,1510.4,1.283,0.903,8646.7,2.84,1,human
658.0,53.4,0,0.1356,2,88.0,2.373,0.262,300.0,3.98,0,llama
4182.6,314.5,8,0.1408,9,1796.5,2.509,0.875,5599.1,3.932,1,human
2686.1,543.1,13,0.2713,7,3696.7,1.517,0.848,8033.4,4.031,1,human
3880.0,682.0,15,0.4207,10,695.7,3.256,0.622,10682.4,4.83,1,human
201.9,74.6,1,0.0194,0,71.9,0.289,0.192,334.2,4.39,0,gpt4
2734.2,297.1,6,0.2217,8,893.7,3.419,0.763,7257.8,3.917,1,human
232.4,129.3,0,0.077,1,87.6,0.983,0.075,348.4,4.473,0,gpt4
1105.7,79.6,1,0.1346,1,129.4,0.998,0.164,669.2,4.559,0,llama
346.5,52.3,1,0.1054,1,119.7,0.776,0.064,477.6,4.024,0,claude
3426.5,514.5,9,0.3298,8,599.6,3.271,0.726,6368.9,4.784,1,human
3910.9,582.2,1,0.3756,5,662.2,2.883,0.691,9084.6,3.874,1,human
2845.6,757.6,4,0.4586,10,862.8,2.991,0.892,2628.9,4.455,1,human
374.2,68.0,0,0.1009,1,129.0,0.696,0.273,583.6,4.945,0,gemini
2706.9,456.8,5,0.7243,5,2393.4,3.13,0.433,7489.1,4.012,1,human
495.2,38.1,0,0.2412,0,162.8,1.055,0.13,496.6,4.202,0,gpt4
4295.7,575.1,4,0.1298,6,620.2,2.41,0.717,4955.1,4.152,1,human
523.6,51.1,0,0.0956,1,165.6,1.284,0.092,344.4,3.928,0,gemini
5326.2,550.7,0,0.2615,8,4055.6,2.947,0.852,5561.8,3.391,1,human
5964.3,508.5,4,0.4397,5,2795.2,1.546,0.729,8431.3,3.442,1,human
2726.7,342.9,7,0.1674,9,405.8,2.594,0.618,6446.2,3.676,1,human
2981.9,122.5,1,0.2719,10,304.4,3.724,0.754,3742.6,2.728,1,human
2829.4,515.1,3,0.2886,8,2344.6,2.626,0.775,11059.5,4.867,1,human
629.5,103.9,0,0.1638,0,162.3,1.249,0.08,863.2,4.497,0,llama
3281.2,202.9,24,0.1688,13,1205.4,2.436,0.776,4362.7,4.53,1,human
382.3,95.1,1,0.188,1,147.8,0.347,0.105,300.0,4.3,0,gemini
232.3,66.6,0,0.0861,1,81.9,0.343,0.19,724.7,4.012,0,gemini
657.7,61.2,1,0.032,3,97.2,1.399,0.228,435.8,4.505,0,llama
2517.7,871.6,17,0.1966,11,1004.6,3.341,0.737,2711.7,4.597,1,human
6071.0,623.8,2,0.3529,9,1541.2,3.198,0.788,4569.5,3.767,1,human
301.5,68.0,1,0.0609,0,207.3,0.003,0.15,783.2,3.87,0,gpt4
4122.7,292.1,13,0.4368,9,1449.2,1.534,0.535,12562.1,4.601,1,human
162.9,33.6,1,0.0412,2,96.6,0.555,0.408,739.3,4.732,0,mistral
6531.0,668.4,14,0.4904,11,540.1,3.858,0.826,8042.0,2.982,1,human
275.2,66.2,1,0.0103,2,353.1,0.315,0.187,452.8,4.226,0,claude
7336.4,448.6,4,0.1697,12,2237.1,2.896,0.914,6756.7,3.241,1,human
177.6,91.0,0,0.2195,1,105.6,0.068,0.212,503.0,4.435,0,gpt4
3799.5,131.0,9,0.2812,7,381.4,0.772,0.908,9861.8,3.044,1,human
1545.9,420.9,8,0.365,8,674.2,3.014,0.806,2842.0,4.404,1,human
4066.4,227.7,6,0.1413,9,564.4,2.862,0.84,8171.5,3.407,1,human
5875.2,220.9,8,0.3183,14,1779.9,2.395,0.807,4413.1,3.866,1,human
10281.3,213.5,11,0.2617,7,970.6,3.005,0.71,7554.5,5.126,1,human
6069.5,642.1,22,0.5139,8,1681.3,2.909,0.602,5456.3,5.202,1,human
229.7,70.8,1,0.2483,1,168.6,1.559,0.178,459.4,4.963,0,gpt4
8373.5,681.7,9,0.1401,5,2874.5,2.993,0.914,9859.1,4.421,1,human
1044.8,198.7,4,0.2828,11,688.7,2.256,0.628,5161.6,3.136,1,human
431.9,90.4,0,0.1529,0,77.1,0.75,0.316,329.2,4.276,0,mistral
414.2,57.6,0,0.1917,1,251.1,0.124,0.448,582.1,4.676,0,gpt4
6220.2,1026.7,8,0.2428,5,952.5,2.412,0.88,7777.3,4.089,1,human
298.6,63.8,0,0.2617,3,99.7,1.186,0.268,666.6,4.178,0,mistral
3568.3,384.1,11,0.2307,10,720.8,2.836,0.667,4307.1,3.379,1,human
132.4,49.6,2,0.1338,0,126.1,0.145,0.369,663.7,4.395,0,claude
1886.7,317.8,7,0.3698,7,1900.7,2.363,0.796,4763.0,4.09,1,human
287.5,118.9,0,0.0032,1,213.0,0.849,0.224,844.3,4.137,0,gemini
3668.5,451.6,8,0.4527,9,1006.0,3.135,0.683,11495.6,3.307,1,human
4606.5,623.3,2,0.2317,10,3009.9,2.351,0.925,4449.2,4.222,1,human
840.2,51.8,0,0.0788,0,129.3,1.495,0.339,799.9,4.171,0,llama
9158.9,398.9,8,0.2409,5,992.7,1.536,0.712,11185.2,2.922,1,human
516.8,50.8,0,0.2748,2,327.0,0.421,0.319,414.7,4.253,0,gpt4
2758.1,920.6,8,0.2262,11,3297.1,1.851,0.643,5402.7,3.313,1,human
11626.9,462.1,11,0.5282,8,596.6,2.523,0.715,6496.9,3.525,1,human
3594.3,318.1,12,0.3285,14,525.5,2.452,0.843,6920.2,3.685,1,human
2210.7,1273.8,7,0.092,9,796.0,2.525,0.755,6681.2,3.841,1,human
138.5,50.2,0,0.0493,0,102.1,0.272,0.144,511.5,4.641,0,mistral
4445.0,456.1,8,0.1817,16,1200.7,1.412,0.497,4479.9,4.152,1,human
203.3,80.2,0,0.0354,2,143.9,0.419,0.125,392.0,4.232,0,claude
4338.1,795.1,14,0.5126,4,3983.4,2.759,0.624,5528.0,4.407,1,human
389.9,58.1,0,0.0182,1,139.1,0.802,0.096,537.0,4.586,0,gpt4
3122.9,460.0,7,0.1375,7,2296.5,1.697,0.734,3948.6,4.388,1,human
256.3,41.9,1,0.1218,0,192.7,0.217,0.113,334.1,3.953,0,gpt4
1853.2,2030.7,19,0.5706,10,2959.3,2.747,0.816,8564.7,4.353,1,human
233.3,36.9,0,0.2451,0,112.7,1.241,0.048,492.7,4.544,0,claude
954.6,89.3,2,0.0479,2,100.7,1.083,0.168,521.6,4.011,0,llama
4742.8,244.9,18,0.2724,14,2646.8,3.105,0.777,8135.3,3.338,1,human
3999.3,361.7,12,0.2264,5,100.0,2.925,0.813,9836.7,3.235,1,human
5470.3,297.6,5,0.4256,13,583.9,2.955,0.609,4281.3,3.319,1,human
2553.7,276.2,1,0.1943,11,1514.5,2.169,0.962,4466.4,3.049,1,human
437.0,87.4,1,0.0934,3,57.9,0.636,0.196,341.9,4.069,0,gemini
404.1,43.1,1,0.0121,2,98.1,0.794,0.16,581.7,4.433,0,llama
963.3,42.6,2,0.0914,2,55.2,0.937,0.153,857.3,4.007,0,llama
560.8,61.0,3,0.3265,1,125.7,1.1,0.154,588.9,4.33,0,gpt4
200.5,104.2,1,0.1038,1,132.8,0.181,0.271,622.9,4.242,0,llama
